Order,Family,Genus,Species,Latitude,Longitude
Hemiptera,Pentatomidae,Podisus,maculiventris,46.464563,80.230541
Lepidoptera,Nymphalidae,Danaus,plexippus,-72.302832,177.301964
Coleoptera,Gyrinidae,Dineutus,americanus,53.007137,17.069224
Hemiptera,Reduviidae,Triatoma,infestans,-42.966426,151.905328
Lepidoptera,Nymphalidae,Vanessa,cardui,46.246024,-83.190602
Coleoptera,Gyrinidae,Gyrinus,natator,-88.935447,-158.926026
Coleoptera,Staphylinidae,Nordus,minor,5.66948,99.341237
Lepidoptera,Nymphalidae,Danaus,plexippus,27.197564,90.05723
Lepidoptera,Papilionidae,Papilio,glaucus,-78.994606,-13.661039
Coleoptera,Dytiscidae,Acilius,mediatus,70.912597,-93.906353
Coleoptera,Staphylinidae,Ocypus,olens,-9.479168,-133.979526
Hemiptera,Reduviidae,Zelus,longipes,88.561737,-106.18774
Lepidoptera,Nymphalidae,Vanessa,atalanta,-13.83899,-102.732616
Coleoptera,Staphylinidae,Philonthus,decorus,0.996558,146.267654
Lepidoptera,Nymphalidae,Danaus,plexippus,71.56341,-8.662147
Lepidoptera,Papilionidae,Battus,philenor,55.966521,119.006311
Hemiptera,Pentatomidae,Halyomorpha,halys,4.689723,-114.283492
Lepidoptera,Nymphalidae,Danaus,plexippus,-5.997288,-27.516816
Hemiptera,Pentatomidae,Podisus,maculiventris,82.795928,-85.184339
Coleoptera,Dytiscidae,Acilius,mediatus,69.336983,39.549679
Coleoptera,Gyrinidae,Dineutus,americanus,68.634551,-27.141704
Coleoptera,Dytiscidae,Acilius,mediatus,2.7011,-139.995452
Lepidoptera,Papilionidae,Battus,philenor,-85.151897,-21.467083
Coleoptera,Dytiscidae,Acilius,sulcatus,-71.177396,-156.641812
Lepidoptera,Papilionidae,Battus,philenor,24.43987,140.387938
Hemiptera,Pentatomidae,Halyomorpha,halys,81.697001,-116.674392
Lepidoptera,Nymphalidae,Danaus,plexippus,62.513941,35.166055
Coleoptera,Gyrinidae,Gyrinus,substriatus,49.900189,84.907347
Lepidoptera,Papilionidae,Battus,philenor,2.225997,122.8236
Hemiptera,Pentatomidae,Halyomorpha,halys,36.441933,-68.661071
Coleoptera,Staphylinidae,Ocypus,nitens,11.142803,108.45901
Lepidoptera,Nymphalidae,Danaus,plexippus,43.346387,-26.540886
Hemiptera,Reduviidae,Zelus,longipes,-51.04617,90.136411
Coleoptera,Gyrinidae,Dineutus,assimilis,-24.426696,72.563256
Coleoptera,Gyrinidae,Dineutus,assimilis,-46.609784,103.496053
Lepidoptera,Nymphalidae,Vanessa,atalanta,80.691565,-47.186388
Coleoptera,Dytiscidae,Agabus,congener,24.86109,33.120764
Lepidoptera,Nymphalidae,Vanessa,cardui,83.863866,135.525587
Coleoptera,Staphylinidae,Nordus,major,78.146385,131.028831
Hemiptera,Reduviidae,Zelus,longipes,-10.005342,-67.962094
Hemiptera,Reduviidae,Zelus,renardii,-72.602008,159.160298
Lepidoptera,Nymphalidae,Danaus,plexippus,81.942897,158.959556
Coleoptera,Dytiscidae,Dytiscus,verticalis,-75.549607,21.596746
Hemiptera,Pentatomidae,Podisus,maculiventris,-14.644583,125.00693
Lepidoptera,Papilionidae,Papilio,polyxenes,56.128824,130.860591
Coleoptera,Gyrinidae,Gyrinus,natator,-66.510186,-75.571744
Hemiptera,Pentatomidae,Halyomorpha,halys,75.363538,-14.246439
Lepidoptera,Papilionidae,Battus,philenor,-10.429259,110.637233
Coleoptera,Dytiscidae,Acilius,sulcatus,77.073786,86.743018
Lepidoptera,Nymphalidae,Danaus,plexippus,15.050077,145.979506
Hemiptera,Pentatomidae,Podisus,maculiventris,-25.388954,38.344616
Hemiptera,Pentatomidae,Podisus,maculiventris,78.67721,40.191979
Lepidoptera,Papilionidae,Papilio,glaucus,52.009858,-101.595519
Hemiptera,Reduviidae,Triatoma,sanguisuga,5.023841,-43.332127
Hemiptera,Pentatomidae,Halyomorpha,halys,9.969421,-39.144588
Lepidoptera,Papilionidae,Papilio,polyxenes,-81.216269,-7.648041
Lepidoptera,Papilionidae,Battus,philenor,-86.777059,-0.857157
Hemiptera,Pentatomidae,Halyomorpha,halys,75.969331,-98.611985
Hemiptera,Pentatomidae,Halyomorpha,halys,-14.126876,155.268149
Coleoptera,Dytiscidae,Acilius,mediatus,48.138405,-138.308816
Coleoptera,Dytiscidae,Agabus,bipustulatus,-50.465789,-30.373318
Coleoptera,Dytiscidae,Dytiscus,verticalis,68.312626,45.584353
Lepidoptera,Papilionidae,Papilio,glaucus,11.102415,112.495953
Lepidoptera,Papilionidae,Battus,philenor,78.967193,-78.102502
Hemiptera,Reduviidae,Triatoma,sanguisuga,-59.927961,151.640887
Coleoptera,Dytiscidae,Dytiscus,verticalis,-77.815919,164.183595
Lepidoptera,Nymphalidae,Vanessa,cardui,-80.951115,-7.480792
Hemiptera,Reduviidae,Triatoma,infestans,31.55841,-104.754427
Lepidoptera,Papilionidae,Papilio,glaucus,-75.566306,131.482581
Lepidoptera,Nymphalidae,Danaus,plexippus,42.409779,122.32356
Coleoptera,Staphylinidae,Ocypus,nitens,-16.555493,108.459388
Lepidoptera,Papilionidae,Papilio,glaucus,65.565086,-67.912103
Lepidoptera,Nymphalidae,Vanessa,atalanta,21.005038,2.735451
Coleoptera,Dytiscidae,Agabus,bipustulatus,30.929007,121.527209
Hemiptera,Pentatomidae,Podisus,maculiventris,39.11836,147.031626
Coleoptera,Gyrinidae,Dineutus,assimilis,-7.639954,-103.793242
Lepidoptera,Nymphalidae,Vanessa,atalanta,37.788721,-127.263026
Lepidoptera,Nymphalidae,Danaus,plexippus,49.631189,-38.731987
Lepidoptera,Papilionidae,Papilio,glaucus,39.636662,-94.828418
Coleoptera,Gyrinidae,Dineutus,assimilis,-15.540761,50.393293
Coleoptera,Dytiscidae,Agabus,bipustulatus,17.696412,-78.284285
Coleoptera,Staphylinidae,Ocypus,olens,23.350633,-68.148981
Lepidoptera,Papilionidae,Papilio,polyxenes,65.474199,-94.215821
Hemiptera,Reduviidae,Zelus,longipes,-17.682416,171.44438
Lepidoptera,Nymphalidae,Vanessa,cardui,-57.992091,-96.496674
Hemiptera,Pentatomidae,Podisus,maculiventris,-9.602459,-157.776649
Hemiptera,Reduviidae,Triatoma,infestans,-54.26428,-5.137888
Coleoptera,Staphylinidae,Nordus,major,84.600745,111.941704
Hemiptera,Reduviidae,Zelus,longipes,-62.902996,33.755204
Coleoptera,Staphylinidae,Ocypus,olens,-85.203996,-84.933268
Coleoptera,Staphylinidae,Staphylinus,caesareus,66.0533,5.311203
Coleoptera,Dytiscidae,Dytiscus,verticalis,25.347047,-100.77441
Coleoptera,Staphylinidae,Ocypus,olens,28.436832,-62.187176
Hemiptera,Pentatomidae,Podisus,maculiventris,60.336145,-36.401883
Coleoptera,Dytiscidae,Agabus,bipustulatus,-69.983458,-84.020101
Lepidoptera,Nymphalidae,Danaus,plexippus,-43.864215,115.08898
Lepidoptera,Papilionidae,Battus,philenor,-12.179654,113.897307
Hemiptera,Reduviidae,Zelus,renardii,50.858135,-174.753584
Lepidoptera,Nymphalidae,Vanessa,atalanta,-14.31815,131.377077
Hemiptera,Pentatomidae,Halyomorpha,halys,33.107193,172.612328
Coleoptera,Staphylinidae,Ocypus,brunneus,-82.081155,-119.447841
Hemiptera,Pentatomidae,Halyomorpha,halys,-77.532003,-149.488812
Coleoptera,Gyrinidae,Gyrinus,substriatus,47.501469,60.900423
Coleoptera,Dytiscidae,Dytiscus,verticalis,-84.361689,-105.090108
Coleoptera,Gyrinidae,Gyrinus,natator,-4.878339,-68.680327
Hemiptera,Pentatomidae,Podisus,maculiventris,57.482635,-17.984594
Coleoptera,Gyrinidae,Dineutus,assimilis,-58.103667,12.49203
Lepidoptera,Nymphalidae,Danaus,plexippus,-47.515605,-153.741186
Lepidoptera,Nymphalidae,Danaus,plexippus,59.131132,97.670339
Coleoptera,Staphylinidae,Staphylinus,caesareus,-1.814264,58.165263
Lepidoptera,Nymphalidae,Danaus,plexippus,-27.496314,-25.273138
Lepidoptera,Papilionidae,Battus,philenor,44.391368,-128.039215
Hemiptera,Pentatomidae,Podisus,maculiventris,-37.459238,142.211763
Coleoptera,Dytiscidae,Dytiscus,marginalis,9.098509,-90.7276
Coleoptera,Dytiscidae,Agabus,congener,73.389821,-35.142764
Lepidoptera,Papilionidae,Papilio,polyxenes,-7.429955,-131.142383
Lepidoptera,Nymphalidae,Danaus,plexippus,86.24594,-59.220779
Coleoptera,Staphylinidae,Staphylinus,erythropterus,-24.006719,-157.215321
Coleoptera,Dytiscidae,Dytiscus,verticalis,-44.245817,146.687072
Hemiptera,Reduviidae,Triatoma,sanguisuga,13.173745,-46.881199
Coleoptera,Dytiscidae,Acilius,mediatus,-88.150999,-30.954017
Hemiptera,Pentatomidae,Halyomorpha,halys,-21.750711,122.402363
Coleoptera,Staphylinidae,Ocypus,brunneus,-72.673327,95.641508
Coleoptera,Dytiscidae,Agabus,congener,-60.436723,-7.880266
Hemiptera,Reduviidae,Zelus,longipes,26.126701,14.148581
Hemiptera,Pentatomidae,Halyomorpha,halys,10.561864,-94.230123
Lepidoptera,Nymphalidae,Danaus,plexippus,-8.425636,-79.88414
Coleoptera,Staphylinidae,Staphylinus,caesareus,59.192846,13.036265
Coleoptera,Gyrinidae,Gyrinus,natator,17.617936,155.134859
Lepidoptera,Nymphalidae,Vanessa,atalanta,10.025207,174.515864
Coleoptera,Gyrinidae,Dineutus,americanus,-14.49032,43.845302
Coleoptera,Staphylinidae,Staphylinus,caesareus,7.37769,29.022508
Lepidoptera,Papilionidae,Papilio,polyxenes,-27.518394,-167.167469
Coleoptera,Staphylinidae,Nordus,stomachoponos,-55.286334,-96.679232
Hemiptera,Pentatomidae,Podisus,maculiventris,14.481437,-107.849945
Hemiptera,Pentatomidae,Halyomorpha,halys,-59.838791,-55.619904
Hemiptera,Pentatomidae,Podisus,maculiventris,60.533347,86.71864
Hemiptera,Reduviidae,Zelus,longipes,-58.309372,38.119107
Lepidoptera,Nymphalidae,Vanessa,atalanta,39.42479,-146.18394
Hemiptera,Pentatomidae,Podisus,maculiventris,83.543021,120.547071
Lepidoptera,Nymphalidae,Danaus,plexippus,70.260828,64.370207
Hemiptera,Reduviidae,Zelus,renardii,-13.827513,53.525543
Coleoptera,Staphylinidae,Nordus,major,38.541925,39.312226
Hemiptera,Pentatomidae,Halyomorpha,halys,34.228221,147.034278
Lepidoptera,Papilionidae,Battus,philenor,-79.616362,-142.994084
Lepidoptera,Nymphalidae,Danaus,plexippus,-32.985227,165.962716
Hemiptera,Pentatomidae,Podisus,maculiventris,-9.365214,153.924913
Lepidoptera,Papilionidae,Battus,philenor,-43.489768,-137.719969
Hemiptera,Pentatomidae,Podisus,maculiventris,-7.544775,13.892754
Coleoptera,Gyrinidae,Gyrinus,substriatus,9.873502,62.65543
Coleoptera,Staphylinidae,Nordus,minor,60.734893,-82.624185
Coleoptera,Staphylinidae,Ocypus,brunneus,-74.344608,96.876515
Lepidoptera,Nymphalidae,Vanessa,atalanta,58.587862,46.363334
Lepidoptera,Papilionidae,Papilio,glaucus,-5.654827,177.05852
Hemiptera,Pentatomidae,Podisus,maculiventris,-40.268017,71.776993
Lepidoptera,Nymphalidae,Danaus,plexippus,-50.85147,127.02852
Lepidoptera,Papilionidae,Battus,philenor,-43.733799,81.892634
Hemiptera,Reduviidae,Zelus,renardii,65.662582,-53.288004
Coleoptera,Staphylinidae,Philonthus,varians,-0.449131,5.937983
Hemiptera,Reduviidae,Triatoma,sanguisuga,88.061858,33.13849
Lepidoptera,Nymphalidae,Vanessa,cardui,-70.443614,82.874269
Hemiptera,Pentatomidae,Podisus,maculiventris,17.054889,179.795276
Coleoptera,Gyrinidae,Dineutus,assimilis,-74.801915,168.114851
Lepidoptera,Papilionidae,Papilio,glaucus,-38.301524,120.028708
Lepidoptera,Papilionidae,Papilio,polyxenes,57.87312,38.764931
Hemiptera,Pentatomidae,Podisus,maculiventris,-33.442363,61.037329
Hemiptera,Reduviidae,Zelus,longipes,-2.472517,-59.047519
Coleoptera,Dytiscidae,Dytiscus,verticalis,-7.645521,-49.444972
Coleoptera,Gyrinidae,Dineutus,assimilis,3.302375,-138.857076
Lepidoptera,Nymphalidae,Vanessa,atalanta,-88.332351,-84.140113
Coleoptera,Dytiscidae,Agabus,bipustulatus,71.41627,-79.868683
Hemiptera,Pentatomidae,Halyomorpha,halys,-10.345729,178.66294
Lepidoptera,Papilionidae,Battus,philenor,-59.990754,-84.875344
Lepidoptera,Papilionidae,Papilio,glaucus,-3.264243,-163.970068
Lepidoptera,Papilionidae,Battus,philenor,50.235194,-9.338428
Lepidoptera,Nymphalidae,Danaus,plexippus,-79.355431,40.368963
Hemiptera,Reduviidae,Zelus,longipes,4.348196,-48.320701
Lepidoptera,Nymphalidae,Vanessa,atalanta,-23.032167,66.069123
Coleoptera,Staphylinidae,Staphylinus,caesareus,-22.653767,-32.016272
Coleoptera,Dytiscidae,Agabus,congener,50.501636,96.335205
Lepidoptera,Nymphalidae,Vanessa,atalanta,46.752801,170.50878
Hemiptera,Reduviidae,Triatoma,sanguisuga,28.856439,160.6426
Lepidoptera,Nymphalidae,Vanessa,atalanta,32.768525,-53.176159
Coleoptera,Staphylinidae,Nordus,minor,-62.13846,12.712339
Coleoptera,Dytiscidae,Acilius,sulcatus,-67.516685,-137.23065
Hemiptera,Pentatomidae,Halyomorpha,halys,-88.485697,104.449867
Coleoptera,Dytiscidae,Acilius,mediatus,36.742109,-135.599711
Hemiptera,Pentatomidae,Podisus,maculiventris,43.656969,122.240346
Lepidoptera,Papilionidae,Papilio,glaucus,-28.532419,-26.59657
Coleoptera,Gyrinidae,Dineutus,assimilis,-61.661232,-15.1094
Coleoptera,Dytiscidae,Agabus,bipustulatus,48.645426,-92.188206
Hemiptera,Pentatomidae,Halyomorpha,halys,-73.571965,-95.775576
Lepidoptera,Nymphalidae,Danaus,plexippus,23.038467,-139.666557
Hemiptera,Reduviidae,Triatoma,sanguisuga,-13.001691,-17.725356
Lepidoptera,Papilionidae,Battus,philenor,83.120928,25.73825
Coleoptera,Staphylinidae,Ocypus,brunneus,3.854488,62.637065
Coleoptera,Gyrinidae,Gyrinus,substriatus,-85.102864,168.16316
Coleoptera,Gyrinidae,Dineutus,americanus,67.751667,-32.130338
Coleoptera,Dytiscidae,Dytiscus,marginalis,-44.150092,-148.837755
Hemiptera,Pentatomidae,Podisus,maculiventris,59.545724,12.551044
Lepidoptera,Nymphalidae,Danaus,plexippus,45.517202,-19.845722
Hemiptera,Pentatomidae,Podisus,maculiventris,-4.502593,-117.327881
Hemiptera,Reduviidae,Zelus,renardii,45.309481,158.688356
Hemiptera,Pentatomidae,Podisus,maculiventris,-70.152897,102.719714
Hemiptera,Reduviidae,Zelus,longipes,-84.294002,-32.799457
Lepidoptera,Papilionidae,Battus,philenor,-18.123783,78.858545
Coleoptera,Gyrinidae,Dineutus,assimilis,-68.517798,122.395768
Hemiptera,Reduviidae,Triatoma,infestans,-48.806158,-75.206271
Hemiptera,Pentatomidae,Podisus,maculiventris,69.683689,26.08249
Lepidoptera,Papilionidae,Battus,philenor,-40.317525,-32.367892
Lepidoptera,Papilionidae,Battus,philenor,-19.239928,4.818748
Coleoptera,Staphylinidae,Philonthus,carbonarius,-83.72857,-15.464243
Lepidoptera,Nymphalidae,Vanessa,cardui,28.523518,-76.151634
Lepidoptera,Papilionidae,Battus,philenor,84.73511,80.483101
Coleoptera,Dytiscidae,Acilius,mediatus,46.763985,137.132351
Lepidoptera,Nymphalidae,Danaus,plexippus,55.988347,131.878845
Coleoptera,Gyrinidae,Dineutus,americanus,84.27198,-144.066227
Lepidoptera,Nymphalidae,Danaus,plexippus,-36.743388,-4.192248
Hemiptera,Pentatomidae,Halyomorpha,halys,-81.634464,107.347466
Hemiptera,Pentatomidae,Halyomorpha,halys,57.740003,104.337707
Coleoptera,Staphylinidae,Ocypus,nitens,-54.753684,-162.703635
Lepidoptera,Nymphalidae,Vanessa,atalanta,-43.777008,110.810076
Coleoptera,Gyrinidae,Dineutus,assimilis,-42.66333,59.926797
Lepidoptera,Papilionidae,Battus,philenor,-4.94645,37.132555
Lepidoptera,Nymphalidae,Danaus,plexippus,24.67387,108.846549
Hemiptera,Pentatomidae,Halyomorpha,halys,59.73908,166.568941
Lepidoptera,Nymphalidae,Vanessa,cardui,50.888394,-125.35935
Coleoptera,Gyrinidae,Dineutus,assimilis,48.418068,-37.000356
Hemiptera,Pentatomidae,Podisus,maculiventris,60.509375,-176.001635
Coleoptera,Staphylinidae,Philonthus,varians,58.305737,-46.916218
Hemiptera,Pentatomidae,Halyomorpha,halys,-20.726741,65.953941
Hemiptera,Pentatomidae,Halyomorpha,halys,-16.968699,86.056377
Lepidoptera,Nymphalidae,Vanessa,atalanta,58.43087,-34.783722
Hemiptera,Reduviidae,Triatoma,infestans,-12.847449,-107.51497
Coleoptera,Dytiscidae,Agabus,bipustulatus,-56.86776,-135.479504
Hemiptera,Pentatomidae,Podisus,maculiventris,15.899698,69.454
Coleoptera,Gyrinidae,Gyrinus,substriatus,-61.185617,57.439912
Lepidoptera,Nymphalidae,Vanessa,cardui,-44.321784,163.114773
Coleoptera,Gyrinidae,Gyrinus,natator,-19.577759,109.703985
Coleoptera,Gyrinidae,Gyrinus,substriatus,61.593862,158.466405
Lepidoptera,Papilionidae,Papilio,glaucus,42.533109,119.486197
Hemiptera,Pentatomidae,Podisus,maculiventris,-75.616613,-85.979477
Hemiptera,Pentatomidae,Halyomorpha,halys,-66.621952,176.900342
Coleoptera,Gyrinidae,Dineutus,assimilis,-30.709502,-22.792973
Lepidoptera,Papilionidae,Papilio,polyxenes,-26.132121,108.411242
Lepidoptera,Papilionidae,Battus,philenor,38.155003,162.86011
Hemiptera,Pentatomidae,Halyomorpha,halys,-39.723292,118.248499
Coleoptera,Staphylinidae,Nordus,minor,-64.177354,-132.551474
Lepidoptera,Papilionidae,Papilio,glaucus,-39.539063,6.87067
Hemiptera,Pentatomidae,Halyomorpha,halys,87.469692,-86.692994
Hemiptera,Pentatomidae,Podisus,maculiventris,-4.140072,-86.606126
Coleoptera,Staphylinidae,Nordus,minor,-13.124502,-21.932633
Coleoptera,Staphylinidae,Philonthus,decorus,87.735451,-11.108118
Coleoptera,Dytiscidae,Acilius,mediatus,55.150183,-67.453815
Coleoptera,Dytiscidae,Dytiscus,verticalis,-1.23867,138.411471
Hemiptera,Reduviidae,Zelus,renardii,57.823413,154.623332
Hemiptera,Reduviidae,Triatoma,infestans,60.426754,-63.818771
Hemiptera,Pentatomidae,Podisus,maculiventris,7.207936,5.341492
Lepidoptera,Nymphalidae,Danaus,plexippus,13.930225,79.544251
Coleoptera,Staphylinidae,Philonthus,carbonarius,-22.778107,104.187113
Hemiptera,Pentatomidae,Podisus,maculiventris,-41.437561,-125.721985
Hemiptera,Reduviidae,Zelus,longipes,-61.936873,-105.638026
Coleoptera,Staphylinidae,Philonthus,decorus,-24.433269,177.658959
Hemiptera,Reduviidae,Zelus,longipes,0.008922,11.723611
Lepidoptera,Papilionidae,Battus,philenor,-39.449535,-17.297608
Lepidoptera,Nymphalidae,Vanessa,atalanta,86.520875,-169.899778
Lepidoptera,Papilionidae,Papilio,glaucus,-48.81255,59.227867
Coleoptera,Dytiscidae,Acilius,sulcatus,-53.277461,171.18119
Hemiptera,Pentatomidae,Halyomorpha,halys,54.074364,149.207518
Hemiptera,Reduviidae,Triatoma,sanguisuga,52.377613,-19.858368
Coleoptera,Gyrinidae,Dineutus,americanus,-68.14244,53.600373
Coleoptera,Dytiscidae,Dytiscus,verticalis,-29.450444,-132.537064
Lepidoptera,Papilionidae,Papilio,polyxenes,-72.539932,103.185865
Coleoptera,Staphylinidae,Philonthus,varians,23.120531,80.209419
Hemiptera,Reduviidae,Triatoma,infestans,13.997882,-73.739187
Coleoptera,Staphylinidae,Ocypus,brunneus,-13.26144,91.181061
Coleoptera,Gyrinidae,Dineutus,americanus,58.725787,-157.139802
Lepidoptera,Papilionidae,Papilio,polyxenes,-5.02964,-150.28803
Lepidoptera,Papilionidae,Battus,philenor,-85.388703,-165.251625
Lepidoptera,Nymphalidae,Vanessa,atalanta,79.260293,-165.713194
Coleoptera,Staphylinidae,Nordus,minor,33.916246,123.268359
Lepidoptera,Nymphalidae,Danaus,plexippus,-1.542662,86.116003
Lepidoptera,Papilionidae,Papilio,glaucus,47.698606,-157.533184
Lepidoptera,Nymphalidae,Danaus,plexippus,-64.705046,137.675124
Lepidoptera,Nymphalidae,Danaus,plexippus,7.775854,20.052711
Coleoptera,Dytiscidae,Acilius,mediatus,31.10657,-126.324756
Coleoptera,Staphylinidae,Ocypus,olens,81.208324,125.854535
Hemiptera,Pentatomidae,Podisus,maculiventris,-24.879146,-102.08274
Coleoptera,Staphylinidae,Ocypus,brunneus,-53.38294,52.024844
Lepidoptera,Nymphalidae,Vanessa,cardui,49.74212,-19.257513
Coleoptera,Staphylinidae,Philonthus,decorus,86.645112,-140.352317
Hemiptera,Pentatomidae,Podisus,maculiventris,9.012066,143.731902
Hemiptera,Pentatomidae,Podisus,maculiventris,73.997926,-23.951667
Lepidoptera,Nymphalidae,Vanessa,atalanta,-17.206003,-92.069107
Coleoptera,Dytiscidae,Agabus,bipustulatus,42.899493,-59.732597
Coleoptera,Gyrinidae,Dineutus,assimilis,-2.878073,54.310424
Hemiptera,Reduviidae,Zelus,renardii,-34.226736,4.12685
Lepidoptera,Nymphalidae,Danaus,plexippus,80.007883,-126.437012
Lepidoptera,Nymphalidae,Vanessa,atalanta,70.457557,35.1246
Lepidoptera,Nymphalidae,Danaus,plexippus,-84.215339,-141.21907
Lepidoptera,Papilionidae,Papilio,glaucus,-71.011841,-177.605684
Coleoptera,Gyrinidae,Gyrinus,natator,57.434985,66.315993
Coleoptera,Gyrinidae,Dineutus,americanus,-64.116978,172.070042
Coleoptera,Staphylinidae,Nordus,major,-63.607929,-102.784613
Coleoptera,Dytiscidae,Dytiscus,verticalis,18.359016,66.520194
Hemiptera,Reduviidae,Zelus,renardii,-73.331044,26.421887
Lepidoptera,Nymphalidae,Vanessa,cardui,-43.248662,171.378326
Hemiptera,Pentatomidae,Podisus,maculiventris,71.639526,-39.138735
Coleoptera,Staphylinidae,Philonthus,carbonarius,31.611485,44.177936
Hemiptera,Reduviidae,Triatoma,sanguisuga,13.462733,128.054339
Coleoptera,Dytiscidae,Acilius,sulcatus,29.568125,138.355394
Hemiptera,Reduviidae,Triatoma,sanguisuga,-84.822677,122.850437
Hemiptera,Pentatomidae,Podisus,maculiventris,62.113802,26.344218
Coleoptera,Dytiscidae,Agabus,congener,84.03398,85.724843
Coleoptera,Staphylinidae,Philonthus,carbonarius,-65.095982,9.381372
Hemiptera,Reduviidae,Zelus,renardii,83.869399,-24.517869
Hemiptera,Reduviidae,Zelus,renardii,47.374983,3.325853
Hemiptera,Reduviidae,Triatoma,sanguisuga,-21.113125,38.695694
Lepidoptera,Nymphalidae,Danaus,plexippus,-80.533987,-166.506735
Lepidoptera,Papilionidae,Papilio,glaucus,4.456489,169.850051
Coleoptera,Dytiscidae,Agabus,congener,-26.31587,76.366906
Hemiptera,Pentatomidae,Halyomorpha,halys,35.595566,-150.776744
Lepidoptera,Nymphalidae,Danaus,plexippus,0.298955,109.618436
Lepidoptera,Papilionidae,Battus,philenor,-3.943744,65.759436
Hemiptera,Reduviidae,Triatoma,infestans,-33.87714,168.77489
Hemiptera,Pentatomidae,Podisus,maculiventris,7.787456,-21.42053
Hemiptera,Pentatomidae,Halyomorpha,halys,-9.631406,42.543247
Coleoptera,Dytiscidae,Dytiscus,marginalis,-76.327477,100.873767
Hemiptera,Reduviidae,Triatoma,infestans,85.429729,-162.410693
Hemiptera,Pentatomidae,Podisus,maculiventris,-17.4265,153.571722
Hemiptera,Reduviidae,Zelus,renardii,-52.785701,-154.143581
Hemiptera,Pentatomidae,Halyomorpha,halys,1.40383,-56.243823
Lepidoptera,Papilionidae,Battus,philenor,4.199357,100.47795
Hemiptera,Reduviidae,Zelus,longipes,26.594994,-166.955255
Lepidoptera,Nymphalidae,Danaus,plexippus,-64.971694,95.173086
Lepidoptera,Papilionidae,Battus,philenor,37.075819,-76.523095
Coleoptera,Staphylinidae,Staphylinus,erythropterus,64.812137,-26.366172
Hemiptera,Pentatomidae,Halyomorpha,halys,-2.61888,168.652314
Hemiptera,Pentatomidae,Halyomorpha,halys,9.690922,106.952929
Lepidoptera,Nymphalidae,Danaus,plexippus,-59.254701,-51.568484
Coleoptera,Dytiscidae,Dytiscus,verticalis,-33.508701,-51.552715
Lepidoptera,Nymphalidae,Danaus,plexippus,88.276281,-156.954791
Coleoptera,Dytiscidae,Agabus,bipustulatus,-61.291308,-54.496004
Coleoptera,Staphylinidae,Ocypus,olens,-43.426681,-98.159068
Coleoptera,Gyrinidae,Dineutus,americanus,27.19708,106.109826
Lepidoptera,Nymphalidae,Danaus,plexippus,-69.799938,-2.47402
Coleoptera,Gyrinidae,Dineutus,assimilis,-57.769175,30.173096
Lepidoptera,Nymphalidae,Vanessa,cardui,-3.454783,63.360604
Hemiptera,Reduviidae,Zelus,longipes,31.00405,46.476476
Lepidoptera,Papilionidae,Papilio,glaucus,15.45318,54.085229
Hemiptera,Pentatomidae,Podisus,maculiventris,29.342016,-1.183505
Coleoptera,Dytiscidae,Dytiscus,verticalis,-19.801619,-87.582267
Hemiptera,Reduviidae,Triatoma,infestans,66.401983,6.812443
Lepidoptera,Nymphalidae,Danaus,plexippus,56.230187,-150.831156
Lepidoptera,Papilionidae,Papilio,glaucus,-25.96277,153.68283
Lepidoptera,Nymphalidae,Danaus,plexippus,19.565959,42.827632
Lepidoptera,Papilionidae,Papilio,polyxenes,87.018492,-133.201276
Coleoptera,Gyrinidae,Gyrinus,substriatus,-75.252382,-92.450089
Coleoptera,Gyrinidae,Gyrinus,substriatus,47.564336,-52.654552
Lepidoptera,Papilionidae,Battus,philenor,-72.456001,39.180142
Hemiptera,Reduviidae,Triatoma,infestans,54.368594,-23.749329
Lepidoptera,Papilionidae,Battus,philenor,-36.701789,158.959904
Coleoptera,Staphylinidae,Staphylinus,caesareus,-3.26595,-19.626425
Hemiptera,Reduviidae,Zelus,longipes,33.968952,119.572007
Lepidoptera,Nymphalidae,Danaus,plexippus,-14.589091,-162.271964
Coleoptera,Gyrinidae,Dineutus,americanus,-40.376655,-65.557873
Hemiptera,Pentatomidae,Halyomorpha,halys,-53.647346,-13.233352
Lepidoptera,Papilionidae,Papilio,polyxenes,15.288298,-89.135503
Coleoptera,Staphylinidae,Nordus,stomachoponos,6.709277,136.26548
Coleoptera,Staphylinidae,Ocypus,nitens,-10.829969,-42.94465
Hemiptera,Pentatomidae,Podisus,maculiventris,-7.404441,121.713634
Coleoptera,Dytiscidae,Acilius,mediatus,40.619968,-82.23956
Hemiptera,Pentatomidae,Podisus,maculiventris,-15.950413,1.096748
Coleoptera,Gyrinidae,Dineutus,assimilis,63.991619,-30.158699
Hemiptera,Reduviidae,Zelus,renardii,-48.201785,136.267762
Hemiptera,Pentatomidae,Podisus,maculiventris,-65.746611,71.590956
Hemiptera,Reduviidae,Zelus,longipes,-41.509679,17.860824
Hemiptera,Pentatomidae,Halyomorpha,halys,-71.586995,-124.732877
Lepidoptera,Papilionidae,Papilio,polyxenes,10.785167,-177.961111
Hemiptera,Reduviidae,Zelus,longipes,-51.685341,65.957956
Coleoptera,Gyrinidae,Gyrinus,natator,18.165535,-146.882771
Hemiptera,Pentatomidae,Podisus,maculiventris,-46.899187,-106.653107
Coleoptera,Dytiscidae,Agabus,bipustulatus,79.716522,43.16554
Coleoptera,Gyrinidae,Gyrinus,substriatus,87.917148,-148.416829
Coleoptera,Staphylinidae,Ocypus,nitens,-30.758724,-19.243217
Hemiptera,Reduviidae,Triatoma,infestans,-64.87003,100.48038
Hemiptera,Reduviidae,Zelus,renardii,-78.95417,47.995038
Hemiptera,Reduviidae,Zelus,longipes,-33.276518,159.734195
Lepidoptera,Papilionidae,Papilio,polyxenes,86.447289,69.643393
Coleoptera,Gyrinidae,Dineutus,americanus,12.774749,-60.76213
Hemiptera,Reduviidae,Triatoma,infestans,-28.545879,-16.28476
Hemiptera,Reduviidae,Zelus,renardii,-26.278314,8.585221
Hemiptera,Reduviidae,Zelus,renardii,-23.009497,-48.811043
Lepidoptera,Nymphalidae,Danaus,plexippus,-46.103242,-142.289281
Lepidoptera,Papilionidae,Battus,philenor,7.598595,93.232485
Hemiptera,Pentatomidae,Podisus,maculiventris,-60.721851,-134.027557
Lepidoptera,Papilionidae,Battus,philenor,-0.227655,-42.065928
Hemiptera,Pentatomidae,Halyomorpha,halys,77.221503,-60.472837
Hemiptera,Pentatomidae,Halyomorpha,halys,56.05931,-69.444597
Lepidoptera,Nymphalidae,Danaus,plexippus,-48.295417,-71.084419
Hemiptera,Pentatomidae,Podisus,maculiventris,-70.946417,80.303894
Coleoptera,Staphylinidae,Ocypus,nitens,73.146168,-27.387515
Lepidoptera,Papilionidae,Battus,philenor,-21.450976,174.975311
Coleoptera,Staphylinidae,Ocypus,brunneus,55.713279,51.792133
Coleoptera,Dytiscidae,Acilius,sulcatus,-87.950432,-10.583188
Coleoptera,Gyrinidae,Dineutus,americanus,88.000074,9.626961
Lepidoptera,Nymphalidae,Danaus,plexippus,-67.235131,98.396178
Lepidoptera,Papilionidae,Battus,philenor,-26.794696,109.357342
Lepidoptera,Papilionidae,Battus,philenor,39.143029,-49.421175
Coleoptera,Staphylinidae,Staphylinus,erythropterus,-52.74366,140.84591
Lepidoptera,Nymphalidae,Danaus,plexippus,-12.60785,-76.484614
Lepidoptera,Papilionidae,Papilio,glaucus,-29.969549,54.287239
Lepidoptera,Papilionidae,Battus,philenor,-2.618619,-54.798207
Lepidoptera,Nymphalidae,Danaus,plexippus,51.046834,160.22543
Coleoptera,Staphylinidae,Staphylinus,caesareus,-54.930148,54.610196
Lepidoptera,Nymphalidae,Danaus,plexippus,66.042385,-105.257997
Hemiptera,Reduviidae,Zelus,renardii,87.933287,62.00859
Coleoptera,Dytiscidae,Agabus,congener,21.091628,165.534428
Hemiptera,Reduviidae,Zelus,renardii,66.79302,-143.339786
Coleoptera,Dytiscidae,Agabus,congener,26.405367,-100.899205
Hemiptera,Reduviidae,Triatoma,sanguisuga,-81.134994,-159.536525
Coleoptera,Staphylinidae,Ocypus,brunneus,74.583065,0.119909
Lepidoptera,Papilionidae,Battus,philenor,79.499938,89.958473
Coleoptera,Staphylinidae,Nordus,major,-9.907355,-168.473808
Lepidoptera,Papilionidae,Papilio,polyxenes,49.059274,104.187671
Lepidoptera,Papilionidae,Papilio,polyxenes,78.30313,0.569777
Hemiptera,Pentatomidae,Halyomorpha,halys,-67.763805,19.413493
Lepidoptera,Papilionidae,Papilio,glaucus,42.714047,-88.203819
Hemiptera,Pentatomidae,Halyomorpha,halys,-83.321789,133.961743
Hemiptera,Pentatomidae,Podisus,maculiventris,-38.800929,-67.146118
Hemiptera,Pentatomidae,Halyomorpha,halys,-57.287081,37.532146
Lepidoptera,Nymphalidae,Danaus,plexippus,7.744318,-14.980462
Hemiptera,Reduviidae,Zelus,longipes,-20.293428,-2.246908
Hemiptera,Pentatomidae,Podisus,maculiventris,15.351851,-12.363641
Coleoptera,Dytiscidae,Agabus,bipustulatus,83.739396,-172.169142
Hemiptera,Reduviidae,Zelus,longipes,48.788116,111.89096
Lepidoptera,Nymphalidae,Vanessa,atalanta,81.719597,-19.675297
Coleoptera,Gyrinidae,Dineutus,americanus,51.340909,-166.553668
Coleoptera,Staphylinidae,Ocypus,brunneus,-12.353086,102.194652
Hemiptera,Pentatomidae,Halyomorpha,halys,37.989013,88.872123
Lepidoptera,Papilionidae,Battus,philenor,67.307821,-26.836549
Coleoptera,Gyrinidae,Gyrinus,substriatus,-66.898936,129.361935
Hemiptera,Pentatomidae,Halyomorpha,halys,-20.511891,86.94145
Lepidoptera,Papilionidae,Battus,philenor,58.993461,-59.634857
Hemiptera,Pentatomidae,Halyomorpha,halys,85.833757,33.647031
Lepidoptera,Nymphalidae,Danaus,plexippus,-68.347563,48.799031
Coleoptera,Gyrinidae,Dineutus,assimilis,-24.529705,-150.125364
Hemiptera,Pentatomidae,Halyomorpha,halys,45.512538,119.359158
Hemiptera,Pentatomidae,Halyomorpha,halys,13.572555,-66.040827
Lepidoptera,Papilionidae,Papilio,polyxenes,19.803808,-49.78798
Lepidoptera,Papilionidae,Battus,philenor,16.14574,-174.091817
Hemiptera,Pentatomidae,Podisus,maculiventris,-32.143117,92.058137
Hemiptera,Pentatomidae,Podisus,maculiventris,-3.780837,170.146977
Coleoptera,Staphylinidae,Philonthus,carbonarius,-57.384891,106.566603
Hemiptera,Reduviidae,Zelus,renardii,-84.062607,39.529432
Hemiptera,Pentatomidae,Podisus,maculiventris,20.555013,172.410414
Coleoptera,Dytiscidae,Agabus,congener,-61.336708,170.096541
Hemiptera,Pentatomidae,Halyomorpha,halys,5.90353,-55.306728
Hemiptera,Pentatomidae,Podisus,maculiventris,28.122918,108.21861
Lepidoptera,Nymphalidae,Danaus,plexippus,-71.801771,128.121092
Hemiptera,Pentatomidae,Halyomorpha,halys,-2.378139,157.489719
Coleoptera,Gyrinidae,Gyrinus,natator,-30.787571,-87.604205
Coleoptera,Staphylinidae,Ocypus,nitens,-89.852397,-177.451044
Lepidoptera,Papilionidae,Papilio,glaucus,47.318686,-71.943569
Hemiptera,Pentatomidae,Halyomorpha,halys,-87.248959,105.362063
Lepidoptera,Papilionidae,Battus,philenor,-60.076367,-18.343065
Coleoptera,Gyrinidae,Gyrinus,substriatus,-37.758938,142.519077
Hemiptera,Pentatomidae,Halyomorpha,halys,-56.32748,-6.113746
Coleoptera,Staphylinidae,Ocypus,olens,-31.511419,51.036261
Hemiptera,Pentatomidae,Halyomorpha,halys,60.784474,-66.331263
Coleoptera,Gyrinidae,Dineutus,assimilis,8.005812,70.452125
Hemiptera,Reduviidae,Zelus,renardii,-52.500218,-24.327493
Hemiptera,Reduviidae,Zelus,longipes,-31.286643,-113.029795
Coleoptera,Dytiscidae,Dytiscus,verticalis,54.518022,18.423222
Lepidoptera,Papilionidae,Papilio,polyxenes,72.342896,48.55371
Coleoptera,Staphylinidae,Philonthus,varians,-20.747387,-118.151322
Lepidoptera,Papilionidae,Battus,philenor,-16.71639,-112.513957
Coleoptera,Staphylinidae,Ocypus,nitens,-54.998537,23.789397
Lepidoptera,Nymphalidae,Danaus,plexippus,22.010888,152.900388
Hemiptera,Reduviidae,Zelus,renardii,-43.781575,-58.2303
Hemiptera,Reduviidae,Triatoma,infestans,-80.157304,-151.113186
Lepidoptera,Nymphalidae,Vanessa,cardui,-33.58217,-112.768885
Coleoptera,Staphylinidae,Ocypus,nitens,-0.214938,48.323183
Lepidoptera,Papilionidae,Papilio,polyxenes,49.117889,-30.421866
Hemiptera,Pentatomidae,Podisus,maculiventris,-74.91179,83.712941
Lepidoptera,Nymphalidae,Danaus,plexippus,34.4427,-89.500268
Coleoptera,Staphylinidae,Nordus,minor,-54.003709,2.301415
Hemiptera,Pentatomidae,Halyomorpha,halys,-8.282816,153.920113
Hemiptera,Pentatomidae,Halyomorpha,halys,83.48176,-43.681391
Hemiptera,Reduviidae,Triatoma,sanguisuga,-63.48243,79.280278
Hemiptera,Reduviidae,Triatoma,infestans,-33.200028,-7.975037
Hemiptera,Reduviidae,Zelus,renardii,-69.210694,-53.26248
Lepidoptera,Papilionidae,Papilio,glaucus,-32.356867,130.337677
Coleoptera,Gyrinidae,Dineutus,assimilis,-35.89712,-161.327357
Lepidoptera,Nymphalidae,Danaus,plexippus,82.585211,-129.530478
Lepidoptera,Nymphalidae,Vanessa,atalanta,47.668059,50.349953
Lepidoptera,Nymphalidae,Danaus,plexippus,-72.766324,137.95062
Hemiptera,Pentatomidae,Halyomorpha,halys,-76.333124,157.496425
Hemiptera,Reduviidae,Zelus,longipes,-57.108305,111.855342
Coleoptera,Gyrinidae,Dineutus,americanus,-11.872991,174.974315
Coleoptera,Staphylinidae,Nordus,minor,9.047754,-157.803688
Coleoptera,Gyrinidae,Dineutus,americanus,-46.354437,13.853009
Lepidoptera,Nymphalidae,Danaus,plexippus,-59.839216,-58.556318
Coleoptera,Dytiscidae,Acilius,mediatus,63.61503,-52.225939
Lepidoptera,Nymphalidae,Danaus,plexippus,41.546336,-122.6038
Coleoptera,Dytiscidae,Agabus,congener,-70.410799,-81.188327
Hemiptera,Reduviidae,Triatoma,sanguisuga,-83.23536,-149.606413
Lepidoptera,Papilionidae,Papilio,glaucus,-3.485358,45.158752
Coleoptera,Gyrinidae,Dineutus,assimilis,7.508799,-101.722499
Lepidoptera,Papilionidae,Battus,philenor,16.390187,8.247845
Lepidoptera,Nymphalidae,Vanessa,cardui,41.868971,36.427744
Lepidoptera,Papilionidae,Battus,philenor,-46.334344,-81.391806
Coleoptera,Staphylinidae,Ocypus,brunneus,-77.02537,-163.376228
Lepidoptera,Nymphalidae,Vanessa,atalanta,66.507907,-9.064394
Lepidoptera,Papilionidae,Papilio,glaucus,42.085577,35.241861
Coleoptera,Dytiscidae,Agabus,congener,84.922508,-84.045945
Hemiptera,Pentatomidae,Halyomorpha,halys,-29.164567,116.230932
Coleoptera,Staphylinidae,Philonthus,carbonarius,27.260608,-23.658174
Lepidoptera,Nymphalidae,Vanessa,atalanta,87.808604,-29.326967
Hemiptera,Pentatomidae,Podisus,maculiventris,-27.306595,45.480612
Hemiptera,Pentatomidae,Halyomorpha,halys,55.734789,-112.253013
Coleoptera,Staphylinidae,Staphylinus,erythropterus,35.966593,175.441236
Coleoptera,Gyrinidae,Gyrinus,natator,76.169984,42.801982
Coleoptera,Staphylinidae,Nordus,minor,-71.809601,42.054706
Lepidoptera,Papilionidae,Battus,philenor,54.853612,32.249041
Lepidoptera,Nymphalidae,Danaus,plexippus,58.160179,150.31559
Lepidoptera,Nymphalidae,Danaus,plexippus,-32.237816,-82.299115
Lepidoptera,Nymphalidae,Danaus,plexippus,-24.475787,-106.316898
Lepidoptera,Nymphalidae,Vanessa,cardui,-80.117426,-147.306161
Coleoptera,Dytiscidae,Dytiscus,verticalis,78.588526,74.27703
Lepidoptera,Nymphalidae,Danaus,plexippus,-22.98255,-124.674898
Coleoptera,Staphylinidae,Ocypus,nitens,-32.490015,94.631561
Coleoptera,Dytiscidae,Dytiscus,verticalis,46.437293,-91.355064
Coleoptera,Dytiscidae,Dytiscus,verticalis,-51.222512,-18.50037
Lepidoptera,Nymphalidae,Danaus,plexippus,-3.363549,49.111628
Coleoptera,Dytiscidae,Dytiscus,marginalis,-72.899061,114.298153
Coleoptera,Gyrinidae,Gyrinus,substriatus,-57.655306,58.05054
Hemiptera,Reduviidae,Triatoma,sanguisuga,-22.612757,-42.899702
Lepidoptera,Papilionidae,Battus,philenor,22.859162,31.561353
Lepidoptera,Papilionidae,Papilio,glaucus,29.171861,-129.583641
Lepidoptera,Papilionidae,Papilio,polyxenes,-80.710941,19.859198
Coleoptera,Dytiscidae,Dytiscus,verticalis,36.64376,156.957387
Coleoptera,Gyrinidae,Dineutus,assimilis,-28.844133,-83.742813
Coleoptera,Gyrinidae,Dineutus,americanus,-14.779491,-22.930389
Coleoptera,Dytiscidae,Dytiscus,verticalis,61.850783,8.503438
Coleoptera,Staphylinidae,Ocypus,nitens,-13.904811,100.634662
Coleoptera,Dytiscidae,Acilius,mediatus,-87.457895,-139.431969
Coleoptera,Dytiscidae,Agabus,bipustulatus,-67.38345,-12.055548
Lepidoptera,Papilionidae,Papilio,polyxenes,45.642689,-74.185655
Coleoptera,Staphylinidae,Ocypus,nitens,37.251547,-171.306967
Coleoptera,Dytiscidae,Agabus,congener,3.169123,97.774275
Lepidoptera,Nymphalidae,Danaus,plexippus,-2.158004,17.985505
Lepidoptera,Papilionidae,Papilio,polyxenes,-53.170333,80.086251
Coleoptera,Gyrinidae,Gyrinus,natator,-45.764584,-158.233389
Coleoptera,Gyrinidae,Dineutus,assimilis,80.417618,143.215157
Lepidoptera,Papilionidae,Battus,philenor,-67.234788,-117.758904
Lepidoptera,Papilionidae,Papilio,glaucus,88.079966,43.94677
Coleoptera,Staphylinidae,Nordus,stomachoponos,-62.510767,-103.081635
Lepidoptera,Nymphalidae,Danaus,plexippus,-24.773592,105.849179
Coleoptera,Dytiscidae,Agabus,congener,-87.659413,106.098485
Hemiptera,Pentatomidae,Podisus,maculiventris,-2.588874,48.062666
Hemiptera,Reduviidae,Triatoma,sanguisuga,70.381872,-109.364321
Lepidoptera,Nymphalidae,Vanessa,cardui,2.172544,69.200178
Coleoptera,Gyrinidae,Gyrinus,natator,29.630406,108.123797
Hemiptera,Pentatomidae,Podisus,maculiventris,17.1631,-165.409611
Hemiptera,Pentatomidae,Podisus,maculiventris,63.69843,-103.830279
Coleoptera,Gyrinidae,Dineutus,americanus,30.05559,169.028078
Coleoptera,Dytiscidae,Agabus,congener,-72.896366,27.957668
Coleoptera,Dytiscidae,Dytiscus,marginalis,81.83855,40.031271
Lepidoptera,Nymphalidae,Vanessa,cardui,2.29999,-174.195304
Coleoptera,Dytiscidae,Dytiscus,verticalis,-24.048238,125.796405
Coleoptera,Dytiscidae,Agabus,congener,79.092464,-39.33896
Hemiptera,Reduviidae,Triatoma,sanguisuga,54.23475,-177.822958
Lepidoptera,Papilionidae,Papilio,glaucus,-6.216432,150.075956
Lepidoptera,Papilionidae,Battus,philenor,55.689724,117.571685
Lepidoptera,Papilionidae,Papilio,glaucus,50.318003,20.098217
Coleoptera,Dytiscidae,Agabus,congener,-83.700978,-97.396718
Hemiptera,Pentatomidae,Halyomorpha,halys,9.198526,-151.877944
Lepidoptera,Papilionidae,Battus,philenor,12.016745,56.053543
Hemiptera,Reduviidae,Triatoma,infestans,42.094071,-108.471204
Coleoptera,Dytiscidae,Acilius,sulcatus,-67.073524,-167.780872
Hemiptera,Pentatomidae,Halyomorpha,halys,63.648391,-125.828082
Hemiptera,Pentatomidae,Podisus,maculiventris,70.615523,51.723319
Lepidoptera,Papilionidae,Papilio,glaucus,51.466469,29.909487
Coleoptera,Gyrinidae,Dineutus,assimilis,24.181816,-63.592267
Lepidoptera,Nymphalidae,Vanessa,cardui,83.887558,-8.354361
Hemiptera,Pentatomidae,Halyomorpha,halys,13.022585,-80.422551
Lepidoptera,Papilionidae,Papilio,glaucus,-51.331741,-124.83071
Hemiptera,Pentatomidae,Podisus,maculiventris,47.458575,158.228769
Lepidoptera,Papilionidae,Papilio,glaucus,78.877063,80.076394
Coleoptera,Dytiscidae,Agabus,congener,3.635802,170.12429
Hemiptera,Pentatomidae,Podisus,maculiventris,-66.17439,-142.647987
Lepidoptera,Nymphalidae,Danaus,plexippus,9.351247,142.704676
Coleoptera,Dytiscidae,Agabus,bipustulatus,40.080313,-10.453285
Lepidoptera,Papilionidae,Papilio,polyxenes,-63.606152,-46.066495
Lepidoptera,Papilionidae,Battus,philenor,-81.030283,-160.508238
Lepidoptera,Nymphalidae,Vanessa,atalanta,13.895475,62.67929
Coleoptera,Gyrinidae,Dineutus,americanus,-15.521408,-17.349481
Hemiptera,Reduviidae,Triatoma,sanguisuga,64.316196,114.308377
Lepidoptera,Nymphalidae,Vanessa,cardui,85.759107,16.404415
Coleoptera,Dytiscidae,Acilius,sulcatus,29.312489,6.893513
Lepidoptera,Nymphalidae,Danaus,plexippus,-71.390377,175.816674
Hemiptera,Pentatomidae,Halyomorpha,halys,22.387874,-23.214837
Coleoptera,Staphylinidae,Nordus,stomachoponos,84.15759,24.886539
Hemiptera,Pentatomidae,Halyomorpha,halys,-64.498858,132.036184
Coleoptera,Gyrinidae,Dineutus,assimilis,15.533658,145.054378
Hemiptera,Reduviidae,Triatoma,infestans,-29.286475,-147.853188
Hemiptera,Reduviidae,Zelus,longipes,-1.55816,75.361486
Lepidoptera,Nymphalidae,Danaus,plexippus,-50.023312,123.757267
Hemiptera,Reduviidae,Triatoma,sanguisuga,26.400016,169.844079
Coleoptera,Staphylinidae,Philonthus,carbonarius,88.085602,40.447296
Hemiptera,Pentatomidae,Halyomorpha,halys,66.492072,161.889912
Lepidoptera,Nymphalidae,Danaus,plexippus,11.42465,8.870192
Lepidoptera,Papilionidae,Battus,philenor,-63.351529,27.663074
Hemiptera,Reduviidae,Triatoma,sanguisuga,55.281496,-62.247634
Coleoptera,Dytiscidae,Agabus,congener,-7.264714,-100.789966
Lepidoptera,Nymphalidae,Danaus,plexippus,5.584452,-177.922803
Coleoptera,Gyrinidae,Dineutus,assimilis,-30.11205,-19.709385
Coleoptera,Dytiscidae,Agabus,congener,-65.353114,167.44594
Hemiptera,Reduviidae,Zelus,renardii,40.219492,116.170601
Coleoptera,Gyrinidae,Gyrinus,substriatus,-39.464663,-162.24583
Lepidoptera,Papilionidae,Papilio,polyxenes,-71.810493,-110.726421
Hemiptera,Reduviidae,Zelus,longipes,-80.067762,-45.562405
Lepidoptera,Papilionidae,Battus,philenor,60.289764,-62.473945
Lepidoptera,Papilionidae,Papilio,polyxenes,-51.290727,158.221985
Coleoptera,Gyrinidae,Gyrinus,natator,60.493808,89.069969
Hemiptera,Reduviidae,Zelus,longipes,32.966773,-65.977314
Hemiptera,Reduviidae,Triatoma,infestans,-71.246953,139.293744
Hemiptera,Reduviidae,Zelus,renardii,-33.759953,62.55636
Hemiptera,Pentatomidae,Podisus,maculiventris,27.053805,154.066246
Lepidoptera,Papilionidae,Battus,philenor,85.67274,70.165977
Lepidoptera,Papilionidae,Battus,philenor,26.014684,92.087465
Coleoptera,Staphylinidae,Ocypus,olens,27.192276,-90.776226
Coleoptera,Staphylinidae,Philonthus,decorus,14.149033,47.130404
Lepidoptera,Nymphalidae,Vanessa,cardui,-9.749471,50.112432
Hemiptera,Reduviidae,Zelus,renardii,0.859313,31.807867
Hemiptera,Pentatomidae,Halyomorpha,halys,-7.426572,29.577707
Lepidoptera,Papilionidae,Battus,philenor,9.789818,-149.514762
Coleoptera,Staphylinidae,Philonthus,decorus,84.057795,141.765918
Hemiptera,Pentatomidae,Halyomorpha,halys,-25.003386,-161.605463
Lepidoptera,Papilionidae,Battus,philenor,45.525986,-107.741128
Lepidoptera,Nymphalidae,Vanessa,cardui,-36.618152,30.175805
Lepidoptera,Nymphalidae,Danaus,plexippus,14.571674,107.365817
Hemiptera,Reduviidae,Zelus,renardii,-34.946137,73.271775
Coleoptera,Gyrinidae,Dineutus,assimilis,67.197198,147.182511
Coleoptera,Dytiscidae,Acilius,sulcatus,-40.041677,154.898907
Lepidoptera,Nymphalidae,Danaus,plexippus,57.303112,-96.466107
Coleoptera,Gyrinidae,Dineutus,americanus,-18.562438,141.556896
Coleoptera,Staphylinidae,Philonthus,carbonarius,-42.025019,-151.400133
Hemiptera,Pentatomidae,Podisus,maculiventris,65.13539,159.187416
Lepidoptera,Nymphalidae,Danaus,plexippus,-7.880413,-113.832736
Hemiptera,Reduviidae,Zelus,renardii,10.803529,18.597931
Hemiptera,Reduviidae,Triatoma,sanguisuga,79.166822,-89.944583
Lepidoptera,Nymphalidae,Vanessa,cardui,-62.25985,-159.904761
Lepidoptera,Nymphalidae,Danaus,plexippus,-16.161664,172.165933
Hemiptera,Reduviidae,Zelus,longipes,68.492207,-63.932008
Hemiptera,Pentatomidae,Podisus,maculiventris,8.73309,152.559648
Lepidoptera,Nymphalidae,Vanessa,cardui,66.574856,-115.755784
Hemiptera,Pentatomidae,Halyomorpha,halys,-74.764723,-108.891122
Lepidoptera,Nymphalidae,Danaus,plexippus,26.564573,-18.058919
Hemiptera,Reduviidae,Triatoma,sanguisuga,-70.334328,-70.982378
Coleoptera,Gyrinidae,Gyrinus,natator,-31.393944,-24.88611
Hemiptera,Reduviidae,Zelus,longipes,48.838305,-20.224332
Coleoptera,Staphylinidae,Staphylinus,erythropterus,55.027943,-126.072327
Hemiptera,Pentatomidae,Halyomorpha,halys,65.100373,116.825058
Lepidoptera,Nymphalidae,Vanessa,atalanta,88.816624,72.251835
Lepidoptera,Papilionidae,Papilio,polyxenes,-31.697614,-165.470548
Lepidoptera,Papilionidae,Battus,philenor,-7.821838,65.637001
Coleoptera,Gyrinidae,Gyrinus,substriatus,-50.143785,-130.449981
Lepidoptera,Nymphalidae,Vanessa,atalanta,-15.66663,102.891059
Coleoptera,Dytiscidae,Agabus,congener,-84.514813,-29.224071
Lepidoptera,Papilionidae,Battus,philenor,-72.795545,-78.144584
Coleoptera,Staphylinidae,Nordus,minor,-39.087289,-12.935189
Coleoptera,Staphylinidae,Ocypus,nitens,-28.855428,176.547047
Hemiptera,Reduviidae,Triatoma,sanguisuga,17.701387,-82.054393
Coleoptera,Gyrinidae,Dineutus,americanus,-67.441079,109.248134
Lepidoptera,Papilionidae,Papilio,glaucus,-89.68972,-14.469741
Lepidoptera,Papilionidae,Battus,philenor,47.779337,-174.339836
Hemiptera,Pentatomidae,Podisus,maculiventris,3.049628,142.662562
Coleoptera,Gyrinidae,Dineutus,assimilis,58.575071,173.878849
Coleoptera,Staphylinidae,Philonthus,varians,-70.733681,-109.532139
Coleoptera,Staphylinidae,Staphylinus,caesareus,27.825712,42.446511
Lepidoptera,Nymphalidae,Danaus,plexippus,-47.21673,14.95743
Lepidoptera,Nymphalidae,Vanessa,atalanta,20.336654,-108.218775
Hemiptera,Pentatomidae,Halyomorpha,halys,13.270144,42.968514
Coleoptera,Staphylinidae,Ocypus,brunneus,-9.825929,-43.253259
Hemiptera,Reduviidae,Triatoma,infestans,-36.535569,166.933545
Lepidoptera,Nymphalidae,Danaus,plexippus,-5.301724,-113.81731
Hemiptera,Reduviidae,Triatoma,sanguisuga,-8.146964,108.857386
Hemiptera,Pentatomidae,Halyomorpha,halys,-2.082652,9.740386
Hemiptera,Pentatomidae,Halyomorpha,halys,-61.110524,-71.33304
Coleoptera,Gyrinidae,Dineutus,americanus,56.593078,148.128885
Coleoptera,Staphylinidae,Nordus,stomachoponos,87.808347,-122.023218
Coleoptera,Dytiscidae,Acilius,sulcatus,5.768344,16.241909
Hemiptera,Reduviidae,Triatoma,sanguisuga,-19.701822,-123.266082
Hemiptera,Reduviidae,Triatoma,infestans,35.53611,-142.522299
Lepidoptera,Papilionidae,Battus,philenor,-13.407873,-91.608806
Coleoptera,Staphylinidae,Staphylinus,erythropterus,-13.893899,-155.493433
Coleoptera,Staphylinidae,Staphylinus,erythropterus,32.68247,160.320997
Lepidoptera,Nymphalidae,Danaus,plexippus,35.775662,104.085841
Hemiptera,Pentatomidae,Halyomorpha,halys,15.76539,134.052182
Lepidoptera,Papilionidae,Battus,philenor,4.265179,-125.243406
Hemiptera,Pentatomidae,Podisus,maculiventris,-60.935879,30.687189
Coleoptera,Gyrinidae,Gyrinus,natator,33.992354,71.48238
Lepidoptera,Papilionidae,Battus,philenor,11.84465,-101.312431
Hemiptera,Pentatomidae,Halyomorpha,halys,84.724151,-16.43256
Lepidoptera,Papilionidae,Battus,philenor,86.362106,178.672679
Lepidoptera,Nymphalidae,Danaus,plexippus,79.676021,125.194526
Lepidoptera,Papilionidae,Battus,philenor,41.768476,110.446205
Hemiptera,Pentatomidae,Podisus,maculiventris,-62.610161,176.594679
Hemiptera,Reduviidae,Zelus,longipes,23.875557,84.875509
Lepidoptera,Nymphalidae,Vanessa,cardui,60.62063,-167.075619
Hemiptera,Pentatomidae,Podisus,maculiventris,83.380663,110.244315
Hemiptera,Pentatomidae,Halyomorpha,halys,79.942649,-45.813125
Coleoptera,Gyrinidae,Dineutus,assimilis,-77.24696,-76.64569
Coleoptera,Gyrinidae,Dineutus,assimilis,-6.272265,-169.451257
Lepidoptera,Nymphalidae,Vanessa,atalanta,-53.590208,20.753375
Coleoptera,Gyrinidae,Gyrinus,natator,-74.355999,-132.043752
Lepidoptera,Papilionidae,Battus,philenor,-81.494535,69.13505
Coleoptera,Dytiscidae,Dytiscus,marginalis,5.158409,-133.451088
Hemiptera,Reduviidae,Triatoma,sanguisuga,-29.12731,34.515398
Hemiptera,Reduviidae,Zelus,longipes,-61.939492,31.986392
Coleoptera,Dytiscidae,Acilius,sulcatus,63.394076,-14.545072
Hemiptera,Pentatomidae,Halyomorpha,halys,63.185426,129.861698
Coleoptera,Dytiscidae,Agabus,bipustulatus,15.307373,-160.766494
Hemiptera,Reduviidae,Zelus,longipes,-66.669378,116.114924
Lepidoptera,Papilionidae,Papilio,glaucus,-26.971252,172.071867
Coleoptera,Staphylinidae,Nordus,stomachoponos,61.298233,93.407517
Hemiptera,Pentatomidae,Podisus,maculiventris,-2.718547,-171.396024
Coleoptera,Staphylinidae,Nordus,stomachoponos,89.28336,-66.420443
Coleoptera,Staphylinidae,Staphylinus,erythropterus,42.238862,36.710384
Coleoptera,Staphylinidae,Philonthus,carbonarius,86.343916,-137.833781
Lepidoptera,Nymphalidae,Danaus,plexippus,7.727467,164.866634
Hemiptera,Reduviidae,Triatoma,sanguisuga,-71.866262,-21.527469
Hemiptera,Reduviidae,Zelus,longipes,-23.314144,-83.176596
Hemiptera,Pentatomidae,Podisus,maculiventris,35.916977,108.468079
Hemiptera,Reduviidae,Zelus,renardii,-76.608833,-122.621627
Coleoptera,Dytiscidae,Dytiscus,marginalis,-60.042281,28.137775
Lepidoptera,Papilionidae,Battus,philenor,-64.321568,122.296511
Coleoptera,Staphylinidae,Staphylinus,caesareus,-32.179364,-155.701417
Lepidoptera,Papilionidae,Battus,philenor,-42.256937,111.673772
Lepidoptera,Nymphalidae,Danaus,plexippus,-38.087524,-69.284211
Lepidoptera,Papilionidae,Papilio,polyxenes,-55.884944,134.766082
Lepidoptera,Nymphalidae,Vanessa,cardui,-59.643059,-60.604766
Lepidoptera,Papilionidae,Papilio,polyxenes,1.061157,21.294423
Coleoptera,Dytiscidae,Agabus,bipustulatus,-27.244055,-128.994166
Lepidoptera,Nymphalidae,Vanessa,cardui,-26.291074,161.481024
Coleoptera,Gyrinidae,Gyrinus,substriatus,-41.56864,-64.313343
Hemiptera,Pentatomidae,Halyomorpha,halys,25.178339,13.933385
Hemiptera,Pentatomidae,Podisus,maculiventris,72.059402,-66.682336
Hemiptera,Reduviidae,Zelus,longipes,-23.085393,146.446729
Coleoptera,Gyrinidae,Gyrinus,substriatus,-16.120145,-135.520845
Coleoptera,Staphylinidae,Ocypus,brunneus,-84.540325,-146.494495
Lepidoptera,Papilionidae,Battus,philenor,-44.355317,18.607865
Hemiptera,Reduviidae,Zelus,renardii,6.85307,-136.086245
Coleoptera,Gyrinidae,Dineutus,americanus,-77.013775,-124.270596
Hemiptera,Pentatomidae,Podisus,maculiventris,-80.200989,97.464818
Coleoptera,Staphylinidae,Ocypus,olens,65.933473,-111.206872
Hemiptera,Pentatomidae,Podisus,maculiventris,-45.483364,-123.562903
Hemiptera,Pentatomidae,Podisus,maculiventris,72.326986,102.450804
Hemiptera,Reduviidae,Zelus,longipes,77.574957,-9.154645
Hemiptera,Pentatomidae,Halyomorpha,halys,-53.962133,-111.965048
Lepidoptera,Nymphalidae,Vanessa,atalanta,70.0796,-104.99023
Coleoptera,Staphylinidae,Philonthus,carbonarius,-48.810808,-54.043102
Lepidoptera,Papilionidae,Papilio,polyxenes,-2.987744,-126.870692
Lepidoptera,Papilionidae,Papilio,polyxenes,-4.38917,-73.592243
Hemiptera,Pentatomidae,Podisus,maculiventris,-60.691509,21.039237
Lepidoptera,Nymphalidae,Vanessa,atalanta,75.485896,-1.329603
Coleoptera,Staphylinidae,Staphylinus,erythropterus,-88.672883,-56.260403
Coleoptera,Staphylinidae,Staphylinus,caesareus,-48.188493,-146.530104
Coleoptera,Staphylinidae,Ocypus,brunneus,-9.940108,108.68549
Hemiptera,Reduviidae,Triatoma,sanguisuga,-69.810324,-44.392775
Lepidoptera,Nymphalidae,Danaus,plexippus,35.725243,70.804433
Lepidoptera,Papilionidae,Papilio,polyxenes,-34.935577,-142.912986
Coleoptera,Dytiscidae,Acilius,sulcatus,6.012885,84.164298
Hemiptera,Pentatomidae,Halyomorpha,halys,-73.728199,28.83918
Lepidoptera,Nymphalidae,Danaus,plexippus,0.957574,-73.706796
Hemiptera,Pentatomidae,Podisus,maculiventris,19.469204,98.750785
Hemiptera,Pentatomidae,Halyomorpha,halys,73.292723,165.704078
Coleoptera,Gyrinidae,Dineutus,assimilis,-60.163972,152.837688
Coleoptera,Dytiscidae,Acilius,sulcatus,84.962184,-22.542062
Hemiptera,Pentatomidae,Halyomorpha,halys,38.626282,-87.155347
Lepidoptera,Nymphalidae,Danaus,plexippus,-6.205683,-20.455649
Hemiptera,Reduviidae,Triatoma,infestans,82.394012,135.113389
Coleoptera,Staphylinidae,Philonthus,varians,80.808727,-175.034323
Coleoptera,Dytiscidae,Dytiscus,marginalis,31.806392,-105.278218
Hemiptera,Pentatomidae,Podisus,maculiventris,-56.87546,-70.25258
Hemiptera,Pentatomidae,Halyomorpha,halys,-64.002065,-151.802005
Coleoptera,Staphylinidae,Ocypus,brunneus,49.306641,-149.756617
Coleoptera,Staphylinidae,Ocypus,olens,-25.611137,81.839297
Coleoptera,Gyrinidae,Dineutus,assimilis,-4.728763,67.5231
Coleoptera,Staphylinidae,Nordus,minor,84.262104,-78.121303
Coleoptera,Gyrinidae,Dineutus,americanus,45.899258,-171.496898
Lepidoptera,Papilionidae,Papilio,glaucus,-40.072726,9.207392
Lepidoptera,Papilionidae,Battus,philenor,23.656842,82.197813
Hemiptera,Reduviidae,Triatoma,sanguisuga,20.100231,132.516893
Hemiptera,Pentatomidae,Podisus,maculiventris,-62.112687,-135.231154
Coleoptera,Staphylinidae,Ocypus,brunneus,-61.238471,129.570223
Lepidoptera,Papilionidae,Battus,philenor,24.863389,151.997618
Hemiptera,Pentatomidae,Podisus,maculiventris,-39.521859,53.324641
Lepidoptera,Nymphalidae,Vanessa,atalanta,-68.960139,36.088721
Hemiptera,Reduviidae,Triatoma,sanguisuga,85.811503,-52.57629
Lepidoptera,Nymphalidae,Vanessa,cardui,68.596665,85.865963
Lepidoptera,Nymphalidae,Vanessa,cardui,-43.341141,-101.92232
Lepidoptera,Papilionidae,Papilio,glaucus,-20.434207,-27.443177
Hemiptera,Pentatomidae,Podisus,maculiventris,63.540901,-36.965904
Lepidoptera,Nymphalidae,Danaus,plexippus,9.227966,137.920972
Hemiptera,Reduviidae,Triatoma,sanguisuga,28.084716,156.063479
Lepidoptera,Papilionidae,Battus,philenor,20.191554,73.545294
Hemiptera,Reduviidae,Triatoma,infestans,-48.229229,-130.551218
Coleoptera,Dytiscidae,Agabus,congener,-48.995401,62.851648
Lepidoptera,Papilionidae,Battus,philenor,36.401737,6.78916
Hemiptera,Reduviidae,Triatoma,sanguisuga,-81.885407,58.143844
Lepidoptera,Nymphalidae,Vanessa,atalanta,67.882708,-30.636416
Hemiptera,Pentatomidae,Halyomorpha,halys,77.831102,-50.365431
Hemiptera,Reduviidae,Triatoma,sanguisuga,-80.070906,-164.799876
Hemiptera,Pentatomidae,Halyomorpha,halys,-48.856431,54.579286
Coleoptera,Gyrinidae,Gyrinus,substriatus,-46.964052,118.854718
Coleoptera,Gyrinidae,Gyrinus,substriatus,-58.210585,123.64017
Coleoptera,Gyrinidae,Dineutus,americanus,-16.74469,55.230906
Hemiptera,Reduviidae,Zelus,renardii,24.302527,-130.923832
Hemiptera,Reduviidae,Triatoma,infestans,-7.220476,-127.392739
Coleoptera,Gyrinidae,Dineutus,americanus,-51.899222,-79.551087
Lepidoptera,Papilionidae,Papilio,polyxenes,-32.949165,104.129455
Coleoptera,Staphylinidae,Ocypus,nitens,-43.062577,-3.668312
Lepidoptera,Papilionidae,Battus,philenor,-14.099894,-40.194967
Lepidoptera,Nymphalidae,Danaus,plexippus,7.355935,149.09147
Hemiptera,Reduviidae,Zelus,longipes,1.305816,-49.244641
Hemiptera,Pentatomidae,Podisus,maculiventris,52.401988,-64.944065
Hemiptera,Pentatomidae,Podisus,maculiventris,15.662039,-151.514836
Lepidoptera,Papilionidae,Battus,philenor,39.320097,148.839856
Lepidoptera,Nymphalidae,Vanessa,cardui,12.384044,124.949065
Hemiptera,Reduviidae,Triatoma,sanguisuga,-24.763885,169.359875
Coleoptera,Staphylinidae,Nordus,major,-65.177792,176.206882
Coleoptera,Staphylinidae,Staphylinus,erythropterus,-36.543608,90.073608
Hemiptera,Reduviidae,Zelus,longipes,-21.280664,-52.476491
Coleoptera,Gyrinidae,Dineutus,assimilis,76.15572,-36.145253
Hemiptera,Reduviidae,Zelus,longipes,68.845659,-57.301563
Hemiptera,Reduviidae,Triatoma,sanguisuga,51.362377,-99.677641
Coleoptera,Dytiscidae,Acilius,sulcatus,-10.309015,152.787496
Hemiptera,Pentatomidae,Halyomorpha,halys,-29.868248,-12.780204
Coleoptera,Staphylinidae,Nordus,major,13.423722,38.547109
Coleoptera,Dytiscidae,Agabus,congener,81.730278,-119.753352
Coleoptera,Gyrinidae,Dineutus,americanus,-66.40383,112.912562
Hemiptera,Pentatomidae,Podisus,maculiventris,7.967296,-24.864624
Hemiptera,Pentatomidae,Podisus,maculiventris,56.884836,179.488184
Lepidoptera,Papilionidae,Papilio,glaucus,78.732912,-67.483327
Hemiptera,Pentatomidae,Podisus,maculiventris,31.049245,139.143094
Hemiptera,Pentatomidae,Podisus,maculiventris,46.319249,-52.497794
Lepidoptera,Papilionidae,Papilio,glaucus,24.644332,-151.905053
Hemiptera,Pentatomidae,Halyomorpha,halys,6.247684,-54.21213
Hemiptera,Reduviidae,Triatoma,sanguisuga,-11.426068,-149.641075
Hemiptera,Reduviidae,Triatoma,infestans,65.418618,63.037014
Hemiptera,Reduviidae,Zelus,renardii,15.515435,-173.23464
Coleoptera,Dytiscidae,Dytiscus,verticalis,-3.890178,141.484359
Coleoptera,Dytiscidae,Acilius,mediatus,-10.143885,95.329617
Lepidoptera,Nymphalidae,Danaus,plexippus,47.84754,-25.705318
Coleoptera,Gyrinidae,Gyrinus,substriatus,0.930561,-116.220358
Coleoptera,Staphylinidae,Ocypus,nitens,-76.726247,91.2318
Hemiptera,Pentatomidae,Podisus,maculiventris,-30.557315,120.939034
Coleoptera,Staphylinidae,Philonthus,varians,88.262329,-47.362389
Coleoptera,Staphylinidae,Ocypus,brunneus,19.679654,-95.856194
Hemiptera,Reduviidae,Zelus,renardii,-44.176898,13.003192
Lepidoptera,Nymphalidae,Vanessa,cardui,60.415893,151.557928
Hemiptera,Reduviidae,Triatoma,sanguisuga,30.483681,66.747831
Lepidoptera,Papilionidae,Papilio,polyxenes,1.643851,-52.914185
Hemiptera,Pentatomidae,Halyomorpha,halys,67.436181,136.243054
Hemiptera,Pentatomidae,Halyomorpha,halys,-46.386657,76.19188
Lepidoptera,Nymphalidae,Danaus,plexippus,13.646536,-61.475694
Hemiptera,Reduviidae,Zelus,renardii,-21.581879,36.401801
Lepidoptera,Papilionidae,Papilio,glaucus,19.667642,-83.922363
Coleoptera,Gyrinidae,Dineutus,assimilis,25.408894,152.193481
Lepidoptera,Nymphalidae,Danaus,plexippus,55.305241,-9.333922
Hemiptera,Reduviidae,Triatoma,sanguisuga,1.782613,36.901952
Lepidoptera,Nymphalidae,Danaus,plexippus,-80.685668,93.271466
Hemiptera,Pentatomidae,Podisus,maculiventris,-75.566392,-146.315763
Hemiptera,Pentatomidae,Podisus,maculiventris,-34.226686,-135.29147
Lepidoptera,Nymphalidae,Danaus,plexippus,44.705352,-83.537118
Lepidoptera,Papilionidae,Papilio,polyxenes,-22.500539,-105.256224
Hemiptera,Pentatomidae,Halyomorpha,halys,-9.168839,-119.936997
Lepidoptera,Papilionidae,Battus,philenor,83.411627,81.964522
Lepidoptera,Papilionidae,Battus,philenor,-10.781436,-146.705992
Hemiptera,Pentatomidae,Halyomorpha,halys,17.009449,-97.671427
Hemiptera,Reduviidae,Triatoma,infestans,-23.675953,61.958121
Coleoptera,Gyrinidae,Gyrinus,natator,-28.060578,-174.684569
Lepidoptera,Nymphalidae,Danaus,plexippus,55.25342,-5.240683
Lepidoptera,Papilionidae,Papilio,glaucus,15.085104,68.545929
Lepidoptera,Nymphalidae,Vanessa,cardui,43.229164,-14.893068
Coleoptera,Staphylinidae,Nordus,stomachoponos,64.670532,108.880832
Lepidoptera,Nymphalidae,Danaus,plexippus,-74.582845,-166.722107
Hemiptera,Pentatomidae,Podisus,maculiventris,-27.857818,-114.396519
Hemiptera,Pentatomidae,Halyomorpha,halys,-34.896041,-172.633051
Coleoptera,Staphylinidae,Philonthus,varians,89.6322,66.178209
Hemiptera,Reduviidae,Zelus,renardii,-31.457541,-74.425177
Hemiptera,Pentatomidae,Podisus,maculiventris,23.450922,46.302859
Hemiptera,Reduviidae,Triatoma,sanguisuga,-79.951406,79.243672
Coleoptera,Gyrinidae,Gyrinus,substriatus,-50.742715,39.175517
Hemiptera,Pentatomidae,Halyomorpha,halys,3.880029,-60.249335
Hemiptera,Pentatomidae,Podisus,maculiventris,70.172976,-4.425225
Lepidoptera,Papilionidae,Papilio,glaucus,45.874204,88.73383
Lepidoptera,Nymphalidae,Danaus,plexippus,13.363023,75.886044
Lepidoptera,Papilionidae,Papilio,polyxenes,-18.818081,-37.049757
Coleoptera,Dytiscidae,Acilius,sulcatus,33.62962,-45.955804
Lepidoptera,Papilionidae,Battus,philenor,-89.439346,-144.174784
Hemiptera,Reduviidae,Triatoma,sanguisuga,-56.762466,161.908946
Hemiptera,Reduviidae,Triatoma,infestans,-23.166291,-115.349022
Hemiptera,Pentatomidae,Halyomorpha,halys,-72.534384,-68.160201
Coleoptera,Staphylinidae,Philonthus,decorus,-36.13092,42.330211
Lepidoptera,Nymphalidae,Danaus,plexippus,-76.364977,19.857593
Coleoptera,Dytiscidae,Dytiscus,marginalis,4.337456,65.447769
Coleoptera,Staphylinidae,Staphylinus,caesareus,-11.271523,101.308707
Hemiptera,Reduviidae,Zelus,renardii,20.14449,167.16801
Hemiptera,Pentatomidae,Podisus,maculiventris,-10.587056,-157.802127
Coleoptera,Staphylinidae,Nordus,minor,34.715984,166.560411
Lepidoptera,Papilionidae,Battus,philenor,-61.918859,-46.715059
Coleoptera,Staphylinidae,Philonthus,varians,-24.394677,119.813317
Lepidoptera,Nymphalidae,Vanessa,atalanta,-36.07971,-54.014982
Lepidoptera,Papilionidae,Papilio,glaucus,64.735418,-113.608617
Lepidoptera,Papilionidae,Battus,philenor,-18.612989,100.447152
Coleoptera,Gyrinidae,Gyrinus,substriatus,-22.295923,42.068992
Lepidoptera,Papilionidae,Papilio,glaucus,57.654928,39.118255
Hemiptera,Pentatomidae,Podisus,maculiventris,-67.79071,-151.742948
Hemiptera,Reduviidae,Zelus,renardii,-24.133673,21.074967
Lepidoptera,Papilionidae,Battus,philenor,-53.102559,68.981995
Lepidoptera,Nymphalidae,Vanessa,cardui,71.580967,102.987172
Hemiptera,Pentatomidae,Halyomorpha,halys,-39.51111,-47.663953
Coleoptera,Dytiscidae,Acilius,mediatus,-84.445,63.467325
Lepidoptera,Papilionidae,Battus,philenor,12.975816,-141.980297
Coleoptera,Dytiscidae,Acilius,mediatus,83.205412,-92.165715
Hemiptera,Pentatomidae,Halyomorpha,halys,-47.618392,-120.775661
Coleoptera,Gyrinidae,Dineutus,assimilis,74.227774,108.269419
Coleoptera,Dytiscidae,Agabus,bipustulatus,-50.952221,-101.473464
Coleoptera,Gyrinidae,Dineutus,assimilis,-25.559105,172.048445
Lepidoptera,Papilionidae,Papilio,glaucus,79.724693,-115.313973
Coleoptera,Dytiscidae,Agabus,congener,-22.713626,-168.515892
Lepidoptera,Papilionidae,Battus,philenor,-28.811644,171.1152
Coleoptera,Staphylinidae,Staphylinus,caesareus,5.420286,68.624677
Hemiptera,Pentatomidae,Halyomorpha,halys,66.012136,35.853152
Coleoptera,Staphylinidae,Ocypus,olens,15.440073,51.389292
Lepidoptera,Papilionidae,Papilio,polyxenes,-65.510085,-134.076807
Lepidoptera,Nymphalidae,Danaus,plexippus,5.723291,114.135716
Hemiptera,Pentatomidae,Halyomorpha,halys,34.237711,-19.753796
Coleoptera,Dytiscidae,Dytiscus,verticalis,81.559096,170.887136
Hemiptera,Reduviidae,Triatoma,sanguisuga,-83.392996,136.38815
Hemiptera,Reduviidae,Triatoma,sanguisuga,82.018811,-45.611728
Lepidoptera,Papilionidae,Papilio,polyxenes,49.308677,24.59929
Coleoptera,Dytiscidae,Agabus,bipustulatus,27.927452,134.095231
Coleoptera,Gyrinidae,Gyrinus,substriatus,70.823609,-118.149126
Coleoptera,Dytiscidae,Agabus,bipustulatus,79.958886,-116.982564
Coleoptera,Dytiscidae,Dytiscus,verticalis,-32.790254,177.766912
Coleoptera,Gyrinidae,Dineutus,assimilis,58.859232,-60.312185
Hemiptera,Reduviidae,Zelus,renardii,-87.705273,-169.609786
Hemiptera,Reduviidae,Triatoma,sanguisuga,34.888149,-177.279192
Coleoptera,Gyrinidae,Gyrinus,substriatus,72.538362,-125.372157
Lepidoptera,Papilionidae,Papilio,polyxenes,55.893263,-160.885923
Coleoptera,Staphylinidae,Nordus,stomachoponos,-49.251229,136.005851
Lepidoptera,Papilionidae,Battus,philenor,-71.121143,26.600259
Lepidoptera,Nymphalidae,Vanessa,atalanta,-29.920329,38.820045
Hemiptera,Pentatomidae,Podisus,maculiventris,-41.878413,7.647951
Coleoptera,Dytiscidae,Dytiscus,marginalis,77.159251,-162.589819
Lepidoptera,Nymphalidae,Danaus,plexippus,33.826583,-9.442981
Coleoptera,Dytiscidae,Dytiscus,verticalis,62.925798,130.012744
Hemiptera,Pentatomidae,Halyomorpha,halys,71.26337,-14.756568
Coleoptera,Staphylinidae,Philonthus,carbonarius,67.262172,-101.090475
Coleoptera,Gyrinidae,Dineutus,assimilis,-18.584423,-177.344099
Coleoptera,Staphylinidae,Staphylinus,caesareus,54.632536,-148.404905
Lepidoptera,Nymphalidae,Danaus,plexippus,-75.844555,-82.917593
Coleoptera,Dytiscidae,Acilius,sulcatus,67.939783,-35.454496
Lepidoptera,Papilionidae,Battus,philenor,36.643342,-0.770949
Hemiptera,Reduviidae,Triatoma,sanguisuga,42.448757,8.344371
Coleoptera,Staphylinidae,Nordus,stomachoponos,78.103124,36.221362
Coleoptera,Gyrinidae,Gyrinus,substriatus,82.330777,-118.607151
Coleoptera,Gyrinidae,Dineutus,assimilis,18.256878,100.216708
Hemiptera,Pentatomidae,Halyomorpha,halys,-70.378262,3.323607
Coleoptera,Dytiscidae,Acilius,mediatus,-89.20534,156.308635
Lepidoptera,Nymphalidae,Vanessa,cardui,57.0303,-68.982439
Hemiptera,Pentatomidae,Podisus,maculiventris,-64.051833,-127.08625
Coleoptera,Dytiscidae,Acilius,sulcatus,85.518372,-44.536068
Coleoptera,Staphylinidae,Ocypus,nitens,-46.702118,84.84231
Lepidoptera,Nymphalidae,Vanessa,atalanta,21.144766,-100.678732
Hemiptera,Reduviidae,Triatoma,infestans,57.382197,46.706141
Coleoptera,Dytiscidae,Acilius,sulcatus,-52.275124,28.68586
Coleoptera,Dytiscidae,Agabus,congener,-18.342811,-29.363329
Hemiptera,Reduviidae,Zelus,renardii,52.400911,46.290043
Hemiptera,Pentatomidae,Halyomorpha,halys,-37.032615,-21.35456
Coleoptera,Gyrinidae,Gyrinus,substriatus,23.425351,-86.259937
Coleoptera,Gyrinidae,Gyrinus,substriatus,56.862701,-14.497904
Hemiptera,Reduviidae,Triatoma,sanguisuga,54.808786,137.331216
Coleoptera,Gyrinidae,Dineutus,assimilis,-71.763869,107.383543
Hemiptera,Pentatomidae,Podisus,maculiventris,-5.327111,-80.779693
Lepidoptera,Papilionidae,Battus,philenor,69.796555,-94.953579
Coleoptera,Staphylinidae,Staphylinus,erythropterus,-24.646646,-98.970745
Coleoptera,Gyrinidae,Gyrinus,substriatus,-45.394056,136.750633
Coleoptera,Gyrinidae,Dineutus,americanus,82.366766,-36.581572
Coleoptera,Dytiscidae,Agabus,congener,28.458521,83.942818
Hemiptera,Pentatomidae,Halyomorpha,halys,-10.997035,62.05692
Lepidoptera,Nymphalidae,Danaus,plexippus,-32.470857,166.154508
Hemiptera,Pentatomidae,Halyomorpha,halys,-22.178178,-88.761749
Coleoptera,Gyrinidae,Dineutus,assimilis,53.005004,26.99679
Coleoptera,Gyrinidae,Gyrinus,substriatus,65.86498,108.052194
Coleoptera,Gyrinidae,Gyrinus,substriatus,-1.028394,37.677795
Coleoptera,Dytiscidae,Agabus,congener,88.597275,-37.990662
Lepidoptera,Nymphalidae,Vanessa,cardui,10.329494,102.305734
Coleoptera,Gyrinidae,Dineutus,assimilis,-39.148179,-41.562939
Lepidoptera,Papilionidae,Papilio,polyxenes,-14.116641,-50.330504
Coleoptera,Gyrinidae,Gyrinus,substriatus,89.035981,-9.377752
Hemiptera,Pentatomidae,Podisus,maculiventris,-31.800926,-115.474041
Lepidoptera,Nymphalidae,Danaus,plexippus,74.676786,-60.242116
Coleoptera,Dytiscidae,Dytiscus,marginalis,-55.709791,6.554137
Lepidoptera,Nymphalidae,Vanessa,atalanta,57.893103,-127.013839
Lepidoptera,Papilionidae,Papilio,polyxenes,83.460291,-111.266038
Lepidoptera,Nymphalidae,Vanessa,cardui,0.802686,-86.072244
Coleoptera,Gyrinidae,Gyrinus,substriatus,19.42669,-20.900444
Coleoptera,Gyrinidae,Dineutus,assimilis,2.853374,174.781831
Coleoptera,Dytiscidae,Acilius,mediatus,26.647746,19.313229
Hemiptera,Pentatomidae,Podisus,maculiventris,-67.695542,-26.886031
Coleoptera,Gyrinidae,Dineutus,assimilis,67.440486,21.726661
Hemiptera,Pentatomidae,Halyomorpha,halys,-84.025488,89.964479
Coleoptera,Gyrinidae,Gyrinus,substriatus,-49.944285,-154.560775
Coleoptera,Staphylinidae,Staphylinus,erythropterus,-16.107589,54.851599
Lepidoptera,Papilionidae,Papilio,glaucus,24.620795,-109.568688
Lepidoptera,Papilionidae,Papilio,polyxenes,-72.581313,20.953008
Coleoptera,Dytiscidae,Acilius,sulcatus,-56.768348,27.556333
Coleoptera,Staphylinidae,Philonthus,decorus,70.731624,-58.825593
Coleoptera,Gyrinidae,Dineutus,americanus,-32.58828,-83.189987
Hemiptera,Reduviidae,Zelus,renardii,-30.045648,85.460729
Lepidoptera,Papilionidae,Papilio,polyxenes,-7.377136,54.691262
Coleoptera,Gyrinidae,Dineutus,americanus,62.397437,-125.056537
Lepidoptera,Papilionidae,Battus,philenor,-20.795021,37.672814
Hemiptera,Reduviidae,Triatoma,sanguisuga,5.593791,27.715133
Hemiptera,Reduviidae,Triatoma,infestans,-86.335709,-120.849594
Lepidoptera,Nymphalidae,Vanessa,cardui,48.992924,-121.641378
Hemiptera,Pentatomidae,Podisus,maculiventris,-84.304817,39.582949
Lepidoptera,Nymphalidae,Vanessa,cardui,-67.70157,137.377639
Lepidoptera,Nymphalidae,Vanessa,atalanta,-4.366553,-42.618119
Lepidoptera,Papilionidae,Papilio,glaucus,-43.627159,89.606605
Hemiptera,Reduviidae,Zelus,longipes,50.663258,-165.468597
Lepidoptera,Nymphalidae,Danaus,plexippus,60.846749,169.05266
Hemiptera,Pentatomidae,Halyomorpha,halys,58.736838,-83.750156
Lepidoptera,Papilionidae,Battus,philenor,83.945587,-3.957376
Coleoptera,Gyrinidae,Gyrinus,substriatus,-8.519721,-21.685353
Lepidoptera,Papilionidae,Papilio,polyxenes,59.985118,-145.340777
Coleoptera,Gyrinidae,Dineutus,americanus,81.970636,168.189123
Hemiptera,Pentatomidae,Halyomorpha,halys,86.353208,40.912865
Coleoptera,Dytiscidae,Acilius,sulcatus,-9.939628,-42.754265
Lepidoptera,Papilionidae,Battus,philenor,28.774446,-157.965942
Coleoptera,Gyrinidae,Gyrinus,substriatus,-5.759361,96.909398
Hemiptera,Pentatomidae,Halyomorpha,halys,19.834321,-154.011614
Coleoptera,Staphylinidae,Ocypus,nitens,-72.897159,-144.709732
Hemiptera,Pentatomidae,Podisus,maculiventris,7.398022,123.391513
Lepidoptera,Papilionidae,Battus,philenor,80.745211,175.203957
Hemiptera,Reduviidae,Zelus,longipes,11.090469,-164.214488
Coleoptera,Dytiscidae,Acilius,mediatus,-4.009863,-101.357782
Coleoptera,Staphylinidae,Ocypus,brunneus,78.073668,-76.578853
Coleoptera,Dytiscidae,Acilius,sulcatus,-88.807264,113.594798
Coleoptera,Dytiscidae,Dytiscus,marginalis,-47.845319,-41.893722
Lepidoptera,Nymphalidae,Vanessa,atalanta,-31.278539,-162.505961
Coleoptera,Dytiscidae,Dytiscus,marginalis,-79.805359,-129.859106
Coleoptera,Dytiscidae,Acilius,sulcatus,-17.23921,14.479091
Lepidoptera,Papilionidae,Papilio,glaucus,78.11612,123.767001
Hemiptera,Pentatomidae,Podisus,maculiventris,-84.439799,178.174908
Lepidoptera,Papilionidae,Papilio,glaucus,46.248814,67.182086
Hemiptera,Pentatomidae,Podisus,maculiventris,58.751351,78.53742
Coleoptera,Staphylinidae,Nordus,minor,84.460117,153.243271
Hemiptera,Reduviidae,Triatoma,infestans,-55.487365,2.726862
Hemiptera,Pentatomidae,Halyomorpha,halys,53.608169,-9.96671
Hemiptera,Reduviidae,Zelus,renardii,74.359643,125.503029
Hemiptera,Reduviidae,Triatoma,sanguisuga,50.914469,116.07435
Lepidoptera,Nymphalidae,Vanessa,atalanta,-25.699191,99.491992
Hemiptera,Reduviidae,Zelus,longipes,31.361841,-82.011217
Coleoptera,Gyrinidae,Gyrinus,substriatus,-42.530976,19.174164
Hemiptera,Reduviidae,Zelus,renardii,-24.381487,82.307748
Lepidoptera,Nymphalidae,Vanessa,cardui,1.052848,129.048477
Hemiptera,Pentatomidae,Halyomorpha,halys,-50.732664,32.902258
Lepidoptera,Papilionidae,Papilio,polyxenes,86.201232,66.397981
Lepidoptera,Papilionidae,Battus,philenor,77.891293,-101.679474
Lepidoptera,Papilionidae,Battus,philenor,-71.673066,-155.646984
Hemiptera,Pentatomidae,Halyomorpha,halys,8.731084,-138.876514
Lepidoptera,Nymphalidae,Danaus,plexippus,-23.439121,-8.417439
Lepidoptera,Nymphalidae,Vanessa,cardui,13.022239,21.214224
Hemiptera,Reduviidae,Triatoma,sanguisuga,-4.138073,-134.406025
Coleoptera,Gyrinidae,Dineutus,assimilis,-82.531086,37.325966
Lepidoptera,Nymphalidae,Danaus,plexippus,55.734056,-62.831533
Hemiptera,Reduviidae,Triatoma,sanguisuga,23.24494,9.536793
Hemiptera,Reduviidae,Triatoma,infestans,-41.907368,-89.671658
Lepidoptera,Papilionidae,Battus,philenor,18.941487,101.015154
Lepidoptera,Nymphalidae,Vanessa,cardui,81.670575,-41.571748
Coleoptera,Gyrinidae,Dineutus,americanus,50.047172,-87.462988
Lepidoptera,Nymphalidae,Danaus,plexippus,-39.280119,-141.094753
Lepidoptera,Nymphalidae,Danaus,plexippus,-72.768245,-155.786219
Hemiptera,Pentatomidae,Halyomorpha,halys,74.362566,-155.580239
Coleoptera,Staphylinidae,Staphylinus,caesareus,23.70912,72.995201
Lepidoptera,Papilionidae,Papilio,polyxenes,-35.706659,112.384665
Lepidoptera,Nymphalidae,Danaus,plexippus,66.307445,95.608744
Lepidoptera,Papilionidae,Papilio,polyxenes,-30.774785,26.412024
Lepidoptera,Nymphalidae,Vanessa,atalanta,6.584753,-13.146136
Lepidoptera,Nymphalidae,Vanessa,atalanta,58.290562,87.035333
Coleoptera,Staphylinidae,Staphylinus,caesareus,85.690272,-108.79164
Coleoptera,Gyrinidae,Gyrinus,natator,6.629939,-107.772059
Lepidoptera,Papilionidae,Papilio,glaucus,-53.010391,121.852402
Lepidoptera,Nymphalidae,Danaus,plexippus,-86.602732,-122.981127
Lepidoptera,Nymphalidae,Danaus,plexippus,-88.172444,-113.633213
Coleoptera,Gyrinidae,Gyrinus,substriatus,66.273717,-43.54553
Hemiptera,Pentatomidae,Halyomorpha,halys,47.711145,41.681495
Coleoptera,Dytiscidae,Dytiscus,marginalis,76.555466,154.748235
Lepidoptera,Papilionidae,Battus,philenor,-37.691661,-145.451018
Hemiptera,Reduviidae,Zelus,renardii,-89.455209,-151.213563
Lepidoptera,Nymphalidae,Vanessa,atalanta,59.910463,-45.032081
Hemiptera,Pentatomidae,Halyomorpha,halys,-16.171564,-39.406995
Lepidoptera,Nymphalidae,Danaus,plexippus,6.229329,-79.333213
Hemiptera,Reduviidae,Triatoma,infestans,40.660931,-21.372937
Coleoptera,Staphylinidae,Nordus,stomachoponos,-23.307086,-12.493891
Lepidoptera,Papilionidae,Papilio,glaucus,33.185235,-55.997835
Coleoptera,Gyrinidae,Gyrinus,substriatus,49.911873,-9.148423
Lepidoptera,Papilionidae,Papilio,glaucus,73.404999,-105.517221
Coleoptera,Gyrinidae,Gyrinus,substriatus,-74.944342,153.529758
Hemiptera,Pentatomidae,Halyomorpha,halys,-19.996998,101.208174
Coleoptera,Gyrinidae,Gyrinus,natator,24.36476,-34.04233
Lepidoptera,Papilionidae,Papilio,glaucus,-17.772987,54.954014
Hemiptera,Pentatomidae,Halyomorpha,halys,65.942298,23.285337
Hemiptera,Pentatomidae,Halyomorpha,halys,-1.708811,-114.665568
Coleoptera,Staphylinidae,Staphylinus,caesareus,81.78893,-31.198223
Coleoptera,Dytiscidae,Acilius,mediatus,-30.314921,137.627453
Lepidoptera,Nymphalidae,Danaus,plexippus,32.957448,-122.505293
Hemiptera,Reduviidae,Triatoma,sanguisuga,71.343493,112.869772
Hemiptera,Pentatomidae,Halyomorpha,halys,-45.773195,145.188414
Coleoptera,Dytiscidae,Agabus,congener,80.492878,-177.744116
Lepidoptera,Papilionidae,Papilio,glaucus,55.869762,11.290569
Coleoptera,Staphylinidae,Nordus,major,64.498165,-69.412592
Hemiptera,Reduviidae,Zelus,longipes,76.275712,-117.147132
Hemiptera,Pentatomidae,Halyomorpha,halys,73.76212,90.3917
Lepidoptera,Papilionidae,Battus,philenor,66.797554,140.719689
Lepidoptera,Papilionidae,Battus,philenor,-87.695732,-117.343212
Hemiptera,Reduviidae,Zelus,renardii,-22.636661,-66.334001
Lepidoptera,Papilionidae,Battus,philenor,-24.225647,-4.348209
Coleoptera,Dytiscidae,Acilius,mediatus,-8.386658,153.184971
Lepidoptera,Nymphalidae,Danaus,plexippus,-47.419212,139.288422
Hemiptera,Pentatomidae,Podisus,maculiventris,-81.696584,39.143284
Hemiptera,Reduviidae,Triatoma,infestans,-16.310709,79.529454
Coleoptera,Dytiscidae,Dytiscus,marginalis,8.014075,74.038933
Coleoptera,Staphylinidae,Philonthus,carbonarius,86.846893,-46.934683
Hemiptera,Pentatomidae,Podisus,maculiventris,-72.478199,177.290488
Lepidoptera,Nymphalidae,Danaus,plexippus,22.075721,109.977593
Hemiptera,Reduviidae,Triatoma,infestans,46.152966,116.766031
Coleoptera,Gyrinidae,Dineutus,assimilis,73.176411,118.7932
Hemiptera,Pentatomidae,Podisus,maculiventris,0.289023,-169.070298
Hemiptera,Pentatomidae,Halyomorpha,halys,-44.922125,-162.247085
Hemiptera,Reduviidae,Triatoma,infestans,57.992859,0.167233
Coleoptera,Gyrinidae,Dineutus,assimilis,4.389822,108.41203
Coleoptera,Staphylinidae,Nordus,minor,28.21333,96.899862
Hemiptera,Pentatomidae,Halyomorpha,halys,57.299713,-2.443029
Hemiptera,Pentatomidae,Podisus,maculiventris,11.681491,128.587592
Coleoptera,Staphylinidae,Nordus,minor,-56.72812,-135.718422
Lepidoptera,Papilionidae,Battus,philenor,3.811124,-16.611562
Hemiptera,Pentatomidae,Podisus,maculiventris,0.841866,-45.555156
Lepidoptera,Papilionidae,Papilio,polyxenes,-49.945174,177.70504
Coleoptera,Dytiscidae,Acilius,sulcatus,67.90988,-112.528411
Coleoptera,Dytiscidae,Dytiscus,marginalis,-58.345222,137.927646
Hemiptera,Reduviidae,Triatoma,infestans,-68.107534,-73.692363
Lepidoptera,Nymphalidae,Danaus,plexippus,72.909042,-55.179519
Lepidoptera,Nymphalidae,Vanessa,atalanta,88.255359,62.126925
Lepidoptera,Papilionidae,Papilio,glaucus,62.16444,75.28378
Coleoptera,Dytiscidae,Agabus,congener,-86.936394,45.408892
Hemiptera,Pentatomidae,Podisus,maculiventris,-19.14648,65.719178
Hemiptera,Reduviidae,Zelus,renardii,-31.313367,-80.345519
Hemiptera,Pentatomidae,Podisus,maculiventris,75.315335,147.619175
Coleoptera,Dytiscidae,Dytiscus,verticalis,-85.967393,-156.226014
Coleoptera,Gyrinidae,Dineutus,americanus,-6.374528,154.920446
Lepidoptera,Papilionidae,Papilio,glaucus,7.597003,86.761656
Coleoptera,Dytiscidae,Dytiscus,marginalis,3.794785,78.7986
Coleoptera,Dytiscidae,Dytiscus,marginalis,-65.707204,-119.103184
Lepidoptera,Nymphalidae,Danaus,plexippus,17.565129,-94.816398
Lepidoptera,Nymphalidae,Danaus,plexippus,52.62772,88.913862
Lepidoptera,Papilionidae,Battus,philenor,78.809449,109.699521
Coleoptera,Gyrinidae,Dineutus,americanus,-0.806443,79.405022
Coleoptera,Staphylinidae,Staphylinus,caesareus,72.180965,95.399881
Lepidoptera,Papilionidae,Papilio,polyxenes,30.530469,-5.314266
Coleoptera,Gyrinidae,Dineutus,assimilis,13.535346,26.305496
Coleoptera,Dytiscidae,Agabus,bipustulatus,55.303962,38.047444
Coleoptera,Gyrinidae,Gyrinus,natator,72.463779,-76.791567
Coleoptera,Staphylinidae,Nordus,minor,87.748016,87.262082
Coleoptera,Dytiscidae,Agabus,bipustulatus,-83.650035,48.890269
Lepidoptera,Papilionidae,Papilio,glaucus,72.481112,-23.805644
Hemiptera,Reduviidae,Triatoma,infestans,-40.762187,-152.653978
Lepidoptera,Nymphalidae,Vanessa,cardui,85.235228,177.822798
Lepidoptera,Nymphalidae,Danaus,plexippus,-64.5866,110.199418
Lepidoptera,Nymphalidae,Vanessa,cardui,-26.395012,110.665519
Coleoptera,Staphylinidae,Philonthus,carbonarius,-25.732697,7.566258
Coleoptera,Staphylinidae,Philonthus,varians,-8.98965,24.72833
Coleoptera,Staphylinidae,Philonthus,decorus,-21.703422,-117.141828
Lepidoptera,Nymphalidae,Vanessa,cardui,16.79723,23.26934
Hemiptera,Pentatomidae,Podisus,maculiventris,-72.049681,-111.007786
Lepidoptera,Papilionidae,Papilio,glaucus,-7.957136,-81.333678
Coleoptera,Dytiscidae,Acilius,mediatus,-4.504669,-179.12623
Hemiptera,Pentatomidae,Halyomorpha,halys,-50.87177,139.715137
Hemiptera,Pentatomidae,Halyomorpha,halys,58.541453,-81.315918
Hemiptera,Pentatomidae,Halyomorpha,halys,-71.577103,-112.417577
Hemiptera,Pentatomidae,Podisus,maculiventris,82.814288,-25.628737
Lepidoptera,Papilionidae,Papilio,polyxenes,14.257678,147.169978
Coleoptera,Dytiscidae,Agabus,congener,33.522483,121.149541
Hemiptera,Reduviidae,Triatoma,infestans,-63.917418,-17.858611
Hemiptera,Reduviidae,Zelus,longipes,-46.690391,150.637827
Coleoptera,Gyrinidae,Dineutus,assimilis,-60.679122,-57.322851
Hemiptera,Pentatomidae,Podisus,maculiventris,52.568259,161.328665
Hemiptera,Pentatomidae,Halyomorpha,halys,87.170991,-58.308227
Coleoptera,Staphylinidae,Nordus,stomachoponos,-46.77597,-47.18144
Coleoptera,Gyrinidae,Gyrinus,substriatus,56.168257,141.672065
Hemiptera,Reduviidae,Triatoma,infestans,73.930903,-149.508953
Coleoptera,Dytiscidae,Dytiscus,verticalis,67.84155,-61.061899
Coleoptera,Staphylinidae,Philonthus,decorus,-57.713718,157.588719
Hemiptera,Pentatomidae,Podisus,maculiventris,88.577855,-163.454383
Coleoptera,Gyrinidae,Dineutus,assimilis,-9.683665,104.060401
Lepidoptera,Nymphalidae,Vanessa,atalanta,64.02508,-119.668843
Hemiptera,Pentatomidae,Podisus,maculiventris,41.711246,-76.148254
Coleoptera,Dytiscidae,Agabus,bipustulatus,-38.69805,-66.64216
Lepidoptera,Nymphalidae,Danaus,plexippus,56.827619,95.522094
Coleoptera,Gyrinidae,Dineutus,americanus,25.319368,-1.726133
Lepidoptera,Nymphalidae,Vanessa,cardui,31.178912,54.340372
Coleoptera,Dytiscidae,Acilius,sulcatus,7.413392,7.222403
Lepidoptera,Papilionidae,Battus,philenor,-33.498114,-78.804152
Hemiptera,Pentatomidae,Podisus,maculiventris,53.873054,-4.951854
Hemiptera,Reduviidae,Zelus,longipes,34.256321,-86.06771
Coleoptera,Staphylinidae,Staphylinus,caesareus,10.203202,178.849733
Hemiptera,Reduviidae,Triatoma,infestans,-82.796726,-156.071979
Coleoptera,Gyrinidae,Gyrinus,substriatus,-20.489272,-58.162418
Hemiptera,Reduviidae,Triatoma,infestans,30.126597,72.666072
Coleoptera,Dytiscidae,Dytiscus,marginalis,51.893919,-7.524765
Lepidoptera,Nymphalidae,Vanessa,atalanta,5.264986,-123.781058
Hemiptera,Reduviidae,Zelus,renardii,67.127116,145.308493
Coleoptera,Dytiscidae,Acilius,mediatus,77.626803,152.095948
Hemiptera,Pentatomidae,Podisus,maculiventris,-25.842686,-36.212143
Coleoptera,Dytiscidae,Dytiscus,verticalis,-42.35595,-6.795049
Lepidoptera,Papilionidae,Papilio,polyxenes,-31.798177,-123.896162
Hemiptera,Reduviidae,Triatoma,sanguisuga,-68.223011,165.234463
Coleoptera,Staphylinidae,Nordus,stomachoponos,23.49057,62.325809
Lepidoptera,Nymphalidae,Danaus,plexippus,67.62546,81.260025
Hemiptera,Reduviidae,Triatoma,sanguisuga,54.064424,69.335193
Coleoptera,Gyrinidae,Gyrinus,natator,21.519256,119.974404
Lepidoptera,Nymphalidae,Danaus,plexippus,-47.885137,-104.195863
Hemiptera,Reduviidae,Zelus,longipes,-40.330985,80.225369
Lepidoptera,Nymphalidae,Vanessa,atalanta,-78.785853,-16.372435
Hemiptera,Reduviidae,Zelus,renardii,11.321626,145.886048
Lepidoptera,Papilionidae,Battus,philenor,-22.369778,-107.29361
Hemiptera,Reduviidae,Zelus,renardii,2.979023,97.401384
Hemiptera,Reduviidae,Triatoma,sanguisuga,-74.159625,-57.459994
Lepidoptera,Papilionidae,Battus,philenor,-17.275281,18.950793
Coleoptera,Dytiscidae,Agabus,congener,-0.828568,67.736689
Hemiptera,Pentatomidae,Halyomorpha,halys,85.156695,63.649239
Coleoptera,Dytiscidae,Acilius,mediatus,-33.314389,-24.212885
Hemiptera,Pentatomidae,Podisus,maculiventris,50.235531,51.46782
Lepidoptera,Nymphalidae,Vanessa,cardui,-86.344297,-118.595638
Coleoptera,Dytiscidae,Acilius,mediatus,51.68167,-123.934393
Coleoptera,Dytiscidae,Dytiscus,verticalis,-47.229261,82.039008
Coleoptera,Dytiscidae,Agabus,bipustulatus,-33.289519,-67.619272
Hemiptera,Pentatomidae,Podisus,maculiventris,-81.698557,52.932485
Lepidoptera,Papilionidae,Papilio,glaucus,22.144274,142.957008
Lepidoptera,Papilionidae,Battus,philenor,16.491912,-165.859512
Hemiptera,Reduviidae,Zelus,longipes,6.742933,1.25354
Lepidoptera,Papilionidae,Papilio,glaucus,56.656652,-74.430925
Hemiptera,Pentatomidae,Podisus,maculiventris,-5.187384,174.6882
Lepidoptera,Nymphalidae,Vanessa,cardui,34.941695,115.603998
Hemiptera,Pentatomidae,Podisus,maculiventris,-15.482183,-107.334438
Coleoptera,Gyrinidae,Gyrinus,natator,-48.88537,110.256093
Coleoptera,Gyrinidae,Gyrinus,substriatus,12.686485,78.569297
Coleoptera,Staphylinidae,Staphylinus,erythropterus,-3.514739,104.960266
Hemiptera,Reduviidae,Triatoma,infestans,-58.00119,-133.930384
Coleoptera,Dytiscidae,Acilius,mediatus,-21.233178,147.615696
Lepidoptera,Nymphalidae,Vanessa,cardui,-33.457446,53.016277
Lepidoptera,Nymphalidae,Vanessa,cardui,49.010269,-69.194408
Coleoptera,Dytiscidae,Agabus,congener,48.613525,-4.095804
Hemiptera,Reduviidae,Triatoma,infestans,-26.315354,-58.718547
Lepidoptera,Nymphalidae,Danaus,plexippus,-72.270573,-161.08862
Lepidoptera,Papilionidae,Battus,philenor,-84.176419,-150.290821
Coleoptera,Dytiscidae,Agabus,congener,88.974587,53.678324
Hemiptera,Pentatomidae,Halyomorpha,halys,-80.42043,83.734502
Hemiptera,Pentatomidae,Halyomorpha,halys,80.66832,-117.837432
Hemiptera,Reduviidae,Zelus,renardii,-33.964016,-51.203565
Hemiptera,Reduviidae,Triatoma,sanguisuga,1.786085,-100.467298
Lepidoptera,Papilionidae,Papilio,glaucus,-48.97215,-153.703322
Lepidoptera,Nymphalidae,Vanessa,cardui,-52.186263,124.58705
Lepidoptera,Papilionidae,Battus,philenor,-71.393169,40.0107
Hemiptera,Pentatomidae,Halyomorpha,halys,-76.587834,83.366224
Hemiptera,Reduviidae,Zelus,longipes,82.963338,111.003261
Lepidoptera,Nymphalidae,Danaus,plexippus,68.890034,-168.610976
Coleoptera,Dytiscidae,Agabus,bipustulatus,-13.333556,70.628411
Hemiptera,Reduviidae,Zelus,longipes,36.400788,-56.483069
Hemiptera,Reduviidae,Triatoma,sanguisuga,2.899574,-113.662303
Coleoptera,Gyrinidae,Dineutus,assimilis,-7.6926,40.5917
Hemiptera,Pentatomidae,Halyomorpha,halys,-48.77576,79.059128
Hemiptera,Pentatomidae,Podisus,maculiventris,-31.403771,40.407648
Coleoptera,Gyrinidae,Dineutus,americanus,9.880286,-49.79407
Lepidoptera,Papilionidae,Papilio,polyxenes,2.16565,-159.174422
Hemiptera,Pentatomidae,Podisus,maculiventris,21.094619,-141.579635
Hemiptera,Reduviidae,Triatoma,infestans,34.797956,13.87731
Coleoptera,Staphylinidae,Philonthus,varians,11.188082,103.896368
Coleoptera,Gyrinidae,Gyrinus,natator,83.407393,-140.167598
Coleoptera,Dytiscidae,Acilius,sulcatus,46.633518,138.174928
Hemiptera,Reduviidae,Triatoma,infestans,40.105084,-135.873099
Lepidoptera,Papilionidae,Papilio,polyxenes,-31.642794,79.948835
Coleoptera,Dytiscidae,Agabus,bipustulatus,-76.514232,-89.856806
Coleoptera,Staphylinidae,Philonthus,carbonarius,-69.23533,-151.048157
Lepidoptera,Nymphalidae,Danaus,plexippus,-35.909464,-156.563909
Coleoptera,Dytiscidae,Acilius,sulcatus,68.212374,-9.373617
Lepidoptera,Papilionidae,Battus,philenor,74.178564,-76.811456
Lepidoptera,Nymphalidae,Vanessa,cardui,84.345065,-136.758508
Lepidoptera,Papilionidae,Papilio,polyxenes,74.120642,14.108128
Hemiptera,Reduviidae,Zelus,renardii,89.865542,-30.412529
Coleoptera,Staphylinidae,Nordus,stomachoponos,64.389815,78.842062
Lepidoptera,Nymphalidae,Vanessa,atalanta,74.932892,69.957008
Coleoptera,Gyrinidae,Dineutus,assimilis,5.047286,-67.801975
Coleoptera,Gyrinidae,Dineutus,assimilis,57.809961,156.728376
Hemiptera,Reduviidae,Triatoma,infestans,34.590004,-71.723151
Hemiptera,Pentatomidae,Podisus,maculiventris,77.264408,-82.094878
Hemiptera,Reduviidae,Zelus,longipes,78.309588,144.777668
Lepidoptera,Papilionidae,Papilio,glaucus,-34.066836,17.818331
Coleoptera,Dytiscidae,Agabus,congener,-64.548801,69.950501
Lepidoptera,Nymphalidae,Vanessa,atalanta,-13.918024,-167.251626
Coleoptera,Staphylinidae,Nordus,major,-25.236366,167.47162
Lepidoptera,Nymphalidae,Danaus,plexippus,64.507338,136.898966
Lepidoptera,Nymphalidae,Danaus,plexippus,-85.505473,-8.123172
Hemiptera,Reduviidae,Zelus,longipes,-45.580744,-151.532435
Lepidoptera,Nymphalidae,Vanessa,atalanta,-71.385767,-67.238539
Lepidoptera,Papilionidae,Battus,philenor,-24.313348,176.605534
Coleoptera,Staphylinidae,Ocypus,olens,50.316082,35.882362
Hemiptera,Pentatomidae,Halyomorpha,halys,81.062397,105.506489
Lepidoptera,Papilionidae,Papilio,polyxenes,17.467932,-128.665504
Lepidoptera,Papilionidae,Battus,philenor,-34.163284,34.867222
Coleoptera,Staphylinidae,Ocypus,olens,82.280077,137.046622
Coleoptera,Staphylinidae,Ocypus,olens,-21.098628,123.113186
Coleoptera,Dytiscidae,Agabus,bipustulatus,1.445518,-174.425563
Hemiptera,Reduviidae,Triatoma,sanguisuga,-76.921564,-71.306038
Hemiptera,Reduviidae,Triatoma,sanguisuga,57.388249,-130.872207
Coleoptera,Staphylinidae,Philonthus,decorus,-80.998927,140.105522
Hemiptera,Pentatomidae,Halyomorpha,halys,-45.397193,57.372779
Coleoptera,Staphylinidae,Nordus,major,56.252877,173.039661
Lepidoptera,Nymphalidae,Vanessa,atalanta,28.592739,26.290173
Coleoptera,Dytiscidae,Agabus,congener,25.232017,55.400662
Coleoptera,Staphylinidae,Ocypus,brunneus,-63.951509,-3.634359
Lepidoptera,Nymphalidae,Vanessa,cardui,33.70974,87.214884
Coleoptera,Staphylinidae,Staphylinus,caesareus,35.701886,-35.131595
Coleoptera,Staphylinidae,Staphylinus,erythropterus,-52.40555,-114.475057
Lepidoptera,Papilionidae,Papilio,polyxenes,-25.340107,37.957198
Hemiptera,Reduviidae,Zelus,longipes,-54.971007,-32.668246
Coleoptera,Gyrinidae,Gyrinus,natator,-69.373889,173.580927
Hemiptera,Reduviidae,Triatoma,infestans,-41.164038,56.455936
Hemiptera,Reduviidae,Triatoma,sanguisuga,1.520674,-167.494475
Hemiptera,Reduviidae,Triatoma,infestans,-9.152567,150.547883
Hemiptera,Reduviidae,Zelus,renardii,32.788386,-79.263899
Hemiptera,Pentatomidae,Podisus,maculiventris,-21.214526,6.231134
Lepidoptera,Papilionidae,Battus,philenor,11.165149,-33.875751
Coleoptera,Gyrinidae,Dineutus,americanus,-12.572103,-118.99457
Lepidoptera,Nymphalidae,Danaus,plexippus,71.184255,90.831428
Coleoptera,Dytiscidae,Dytiscus,verticalis,20.167981,84.141754
Lepidoptera,Nymphalidae,Danaus,plexippus,-10.51706,-12.146012
Hemiptera,Reduviidae,Zelus,renardii,80.919758,-133.261446
Coleoptera,Dytiscidae,Dytiscus,marginalis,1.777883,14.977279
Hemiptera,Pentatomidae,Halyomorpha,halys,-17.331867,110.349156
Lepidoptera,Nymphalidae,Danaus,plexippus,63.164274,177.299759
Lepidoptera,Nymphalidae,Danaus,plexippus,55.228455,-172.224909
Hemiptera,Reduviidae,Triatoma,sanguisuga,-55.312878,-103.024786
Hemiptera,Pentatomidae,Podisus,maculiventris,-32.437689,165.185203
Hemiptera,Reduviidae,Triatoma,sanguisuga,-19.213671,-145.064011
Coleoptera,Gyrinidae,Dineutus,assimilis,66.25647,-40.053332
Lepidoptera,Papilionidae,Papilio,polyxenes,-75.346428,28.614457
Coleoptera,Gyrinidae,Dineutus,americanus,12.28285,2.829616
Hemiptera,Pentatomidae,Halyomorpha,halys,-27.01301,-157.097553
Hemiptera,Pentatomidae,Podisus,maculiventris,-89.727997,-89.953371
Lepidoptera,Nymphalidae,Danaus,plexippus,76.725113,-93.133466
Coleoptera,Dytiscidae,Acilius,sulcatus,59.529593,63.556115
Coleoptera,Gyrinidae,Dineutus,americanus,36.20112,98.295612
Lepidoptera,Nymphalidae,Danaus,plexippus,42.457517,-133.771006
Lepidoptera,Nymphalidae,Danaus,plexippus,-28.095673,-77.186534
Coleoptera,Staphylinidae,Staphylinus,caesareus,-73.138338,-128.750624
Hemiptera,Pentatomidae,Halyomorpha,halys,-23.688264,-143.199823
Coleoptera,Dytiscidae,Dytiscus,verticalis,76.570728,-157.979943
Coleoptera,Dytiscidae,Agabus,bipustulatus,71.641008,169.218174
Coleoptera,Staphylinidae,Ocypus,olens,89.707254,16.940319
Coleoptera,Gyrinidae,Dineutus,americanus,-15.760419,-51.733881
Hemiptera,Reduviidae,Zelus,renardii,67.654205,159.552131
Lepidoptera,Nymphalidae,Vanessa,atalanta,-6.145168,123.363276
Lepidoptera,Nymphalidae,Vanessa,atalanta,11.168915,-80.849381
Lepidoptera,Nymphalidae,Danaus,plexippus,15.980694,-102.775241
Coleoptera,Gyrinidae,Gyrinus,substriatus,23.438244,-93.528016
Coleoptera,Staphylinidae,Staphylinus,erythropterus,27.374285,-22.680745
Hemiptera,Pentatomidae,Podisus,maculiventris,4.63769,-176.236511
Coleoptera,Gyrinidae,Dineutus,assimilis,71.239118,-37.987518
Lepidoptera,Papilionidae,Battus,philenor,67.513353,8.837147
Hemiptera,Pentatomidae,Podisus,maculiventris,68.328487,32.633204
Hemiptera,Pentatomidae,Halyomorpha,halys,0.197731,-144.308085
Hemiptera,Pentatomidae,Halyomorpha,halys,71.180321,-30.047087
Coleoptera,Dytiscidae,Agabus,bipustulatus,-42.321263,2.615285
Lepidoptera,Nymphalidae,Vanessa,atalanta,-71.324505,-166.415997
Coleoptera,Dytiscidae,Acilius,mediatus,69.878729,51.794299
Lepidoptera,Nymphalidae,Vanessa,cardui,53.333571,113.190721
Lepidoptera,Nymphalidae,Vanessa,atalanta,-11.616047,-44.33051
Hemiptera,Reduviidae,Zelus,longipes,22.357242,146.063626
Lepidoptera,Nymphalidae,Vanessa,cardui,80.22381,-53.650529
Coleoptera,Gyrinidae,Dineutus,americanus,-19.91435,165.261353
Lepidoptera,Papilionidae,Papilio,glaucus,-49.019453,27.245643
Coleoptera,Staphylinidae,Philonthus,varians,56.547335,-49.671038
Hemiptera,Pentatomidae,Podisus,maculiventris,-8.747122,-38.836362
Lepidoptera,Papilionidae,Battus,philenor,-58.985441,-20.235363
Hemiptera,Reduviidae,Triatoma,infestans,53.018969,-70.118108
Lepidoptera,Papilionidae,Papilio,glaucus,-40.648652,-46.609503
Hemiptera,Reduviidae,Triatoma,infestans,62.478739,65.201113
Coleoptera,Staphylinidae,Ocypus,olens,-78.212277,1.35315
Coleoptera,Staphylinidae,Nordus,major,-27.591155,153.606897
Coleoptera,Dytiscidae,Acilius,mediatus,68.097103,153.079674
Hemiptera,Pentatomidae,Podisus,maculiventris,-6.266239,124.531301
Hemiptera,Pentatomidae,Halyomorpha,halys,11.316801,-113.469793
Hemiptera,Pentatomidae,Halyomorpha,halys,-34.82425,-89.210957
Lepidoptera,Nymphalidae,Vanessa,cardui,45.242427,155.969438
Hemiptera,Reduviidae,Zelus,renardii,1.931613,-38.559693
Hemiptera,Pentatomidae,Podisus,maculiventris,87.608033,-123.985715
Hemiptera,Pentatomidae,Halyomorpha,halys,-70.21911,-46.675946
Hemiptera,Reduviidae,Zelus,renardii,86.222033,-146.333213
Coleoptera,Staphylinidae,Ocypus,olens,12.714377,89.614036
Hemiptera,Pentatomidae,Podisus,maculiventris,40.163696,88.269176
Hemiptera,Reduviidae,Zelus,longipes,31.903258,33.504674
Hemiptera,Pentatomidae,Halyomorpha,halys,-68.996041,-54.223961
Lepidoptera,Nymphalidae,Danaus,plexippus,44.812918,59.665812
Hemiptera,Pentatomidae,Podisus,maculiventris,-40.54635,93.359303
Hemiptera,Reduviidae,Triatoma,sanguisuga,-23.510316,-173.003876
Hemiptera,Reduviidae,Zelus,renardii,6.235518,152.864016
Coleoptera,Dytiscidae,Agabus,congener,28.912184,-37.554892
Coleoptera,Dytiscidae,Dytiscus,marginalis,47.705594,137.234167
Coleoptera,Gyrinidae,Dineutus,assimilis,-26.542066,117.313383
Hemiptera,Reduviidae,Zelus,longipes,15.833218,-54.716127
Lepidoptera,Papilionidae,Battus,philenor,69.291372,-82.223602
Lepidoptera,Nymphalidae,Danaus,plexippus,38.449247,-98.547446
Hemiptera,Reduviidae,Zelus,renardii,-3.29819,14.190346
Coleoptera,Dytiscidae,Dytiscus,marginalis,-25.306411,47.9246
Lepidoptera,Nymphalidae,Vanessa,cardui,3.073423,-53.229888
Hemiptera,Pentatomidae,Halyomorpha,halys,16.090011,42.118107
Coleoptera,Dytiscidae,Acilius,sulcatus,38.617265,44.52556
Lepidoptera,Papilionidae,Papilio,glaucus,-60.428581,-105.746432
Coleoptera,Gyrinidae,Gyrinus,natator,26.871705,106.311255
Lepidoptera,Papilionidae,Papilio,glaucus,35.405077,151.223931
Coleoptera,Gyrinidae,Dineutus,americanus,52.50089,2.884704
Lepidoptera,Nymphalidae,Vanessa,cardui,39.087642,61.849331
Coleoptera,Dytiscidae,Dytiscus,verticalis,80.717673,-40.06757
Lepidoptera,Papilionidae,Battus,philenor,39.966678,141.733709
Lepidoptera,Papilionidae,Papilio,polyxenes,32.408151,48.190206
Coleoptera,Gyrinidae,Dineutus,americanus,18.417158,-147.581825
Lepidoptera,Nymphalidae,Danaus,plexippus,-34.087992,-121.286049
Coleoptera,Staphylinidae,Ocypus,brunneus,-39.932348,107.194273
Hemiptera,Reduviidae,Zelus,longipes,-29.333715,-118.375475
Coleoptera,Gyrinidae,Gyrinus,natator,83.777014,56.044374
Hemiptera,Reduviidae,Zelus,longipes,-88.804354,4.464536
Lepidoptera,Nymphalidae,Danaus,plexippus,54.91444,-105.516907
Coleoptera,Gyrinidae,Gyrinus,natator,-25.989389,-147.057248
Lepidoptera,Nymphalidae,Vanessa,atalanta,41.994225,89.373132
Hemiptera,Pentatomidae,Halyomorpha,halys,18.631399,-23.17675
Coleoptera,Staphylinidae,Ocypus,nitens,-34.605971,-160.84436
Coleoptera,Dytiscidae,Acilius,sulcatus,59.633123,-22.044847
Hemiptera,Reduviidae,Zelus,longipes,-0.268896,97.062394
Hemiptera,Pentatomidae,Halyomorpha,halys,-36.044887,16.393544
Coleoptera,Gyrinidae,Gyrinus,natator,-78.475292,138.077024
Coleoptera,Staphylinidae,Ocypus,nitens,-37.107208,-158.960159
Hemiptera,Reduviidae,Triatoma,infestans,81.539241,-70.135546
Lepidoptera,Papilionidae,Papilio,polyxenes,-21.877064,-46.421127
Hemiptera,Reduviidae,Triatoma,infestans,53.934428,-35.54154
Lepidoptera,Papilionidae,Papilio,glaucus,-56.230725,18.437111
Lepidoptera,Papilionidae,Papilio,glaucus,-67.047542,87.900437
Lepidoptera,Papilionidae,Battus,philenor,89.668131,107.133875
Coleoptera,Dytiscidae,Dytiscus,marginalis,-75.792647,32.317958
Coleoptera,Staphylinidae,Nordus,minor,-36.45641,140.65225
Lepidoptera,Nymphalidae,Danaus,plexippus,4.173647,-107.892808
Lepidoptera,Nymphalidae,Danaus,plexippus,-29.451704,127.004816
Lepidoptera,Papilionidae,Battus,philenor,39.422233,-53.612518
Coleoptera,Dytiscidae,Agabus,bipustulatus,-65.152556,-89.566634
Hemiptera,Reduviidae,Zelus,renardii,48.752301,115.501363
Lepidoptera,Nymphalidae,Vanessa,cardui,-11.113411,-125.634232
Hemiptera,Pentatomidae,Podisus,maculiventris,26.948427,-179.631718
Lepidoptera,Papilionidae,Papilio,polyxenes,-67.608004,-160.590051
Hemiptera,Pentatomidae,Podisus,maculiventris,-88.208256,67.944898
Lepidoptera,Papilionidae,Battus,philenor,-69.00045,-150.832611
Coleoptera,Dytiscidae,Dytiscus,verticalis,89.616095,-59.708129
Coleoptera,Staphylinidae,Staphylinus,caesareus,14.850567,12.202672
Lepidoptera,Nymphalidae,Danaus,plexippus,60.476939,-126.816293
Lepidoptera,Nymphalidae,Danaus,plexippus,-28.067984,-16.71519
Coleoptera,Staphylinidae,Philonthus,carbonarius,-58.840436,-97.320764
Hemiptera,Pentatomidae,Halyomorpha,halys,7.106163,-145.233124
Lepidoptera,Papilionidae,Papilio,polyxenes,-57.3175,-44.889249
Hemiptera,Pentatomidae,Halyomorpha,halys,-40.033525,-44.213356
Coleoptera,Gyrinidae,Dineutus,assimilis,-65.01929,137.803419
Lepidoptera,Nymphalidae,Danaus,plexippus,32.271211,-57.059635
Coleoptera,Gyrinidae,Dineutus,assimilis,32.887603,79.39115
Hemiptera,Pentatomidae,Halyomorpha,halys,75.375461,-112.662413
Coleoptera,Staphylinidae,Nordus,stomachoponos,-69.493313,2.899791
Lepidoptera,Papilionidae,Battus,philenor,-87.665763,-58.77011
Hemiptera,Reduviidae,Zelus,longipes,79.115316,159.36054
Hemiptera,Reduviidae,Triatoma,sanguisuga,89.441949,-19.047556
Lepidoptera,Nymphalidae,Vanessa,atalanta,-5.264934,23.650953
Coleoptera,Staphylinidae,Staphylinus,erythropterus,-1.77396,141.960475
Hemiptera,Pentatomidae,Podisus,maculiventris,-45.959481,-105.285152
Lepidoptera,Papilionidae,Papilio,glaucus,-37.315968,-40.123819
Hemiptera,Reduviidae,Triatoma,sanguisuga,0.658159,-99.491286
Hemiptera,Reduviidae,Triatoma,sanguisuga,-34.047329,-117.961654
Hemiptera,Pentatomidae,Halyomorpha,halys,74.060776,-130.842608
